order_id,code,name,freedelivery,amountoff,percentoff,deduct,returned,timestamp
4437193,AFBFREE,AFB Free Delivery - Above Â£10,1,0.0,0.0,3.0,0,2022-01-01 01:47:19
4437210,AFBFREE,AFB Free Delivery - Above Â£10,1,0.0,0.0,3.0,0,2022-01-01 02:59:25
4437298,AFBFREE,AFB Free Delivery - Above Â£10,1,0.0,0.0,3.0,0,2022-01-01 07:58:38
4437320,AFBFREE,AFB Free Delivery - Above Â£10,1,0.0,0.0,3.0,0,2022-01-01 08:19:57
4437335,FREEABGOED,Premier Aberbargoed Free Delivery,1,0.0,0.0,6.0,0,2022-01-01 08:30:12
4437365,AFBFREE,AFB Free Delivery - Above Â£10,1,0.0,0.0,3.0,0,2022-01-01 08:42:05
4437379,AFBFREE,AFB Free Delivery - Above Â£10,1,0.0,0.0,3.0,0,2022-01-01 08:46:41
4437385,AFBFREE,AFB Free Delivery - Above Â£10,1,0.0,0.0,3.0,0,2022-01-01 08:48:22
4437455,FDNHRIK,Free delivery to CV62EE,1,0.0,0.0,3.0,0,2022-01-01 09:07:34
4437557,AFBFREE,AFB Free Delivery - Above Â£10,1,0.0,0.0,3.0,0,2022-01-01 09:30:21
4437562,AFBFREE,AFB Free Delivery - Above Â£10,1,0.0,0.0,3.0,0,2022-01-01 09:30:54
4437605,AFBFREE,AFB Free Delivery - Above Â£10,1,0.0,0.0,3.0,0,2022-01-01 09:38:07
4437621,NUNEATON,Nuneaton Free Delivery 040121,1,0.0,0.0,3.0,0,2022-01-01 09:39:49
4437630,AFBFREE,AFB Free Delivery - Above Â£10,1,0.0,0.0,3.0,0,2022-01-01 09:40:26
4437708,AFBFREE,AFB Free Delivery - Above Â£10,1,0.0,0.0,3.0,0,2022-01-01 09:50:37
4437731,AFBFREE,AFB Free Delivery - Above Â£10,1,0.0,0.0,3.0,0,2022-01-01 09:53:50
4437766,AFBFREE,AFB Free Delivery - Above Â£10,1,0.0,0.0,3.0,0,2022-01-01 09:59:12
4437821,AFBFREE,AFB Free Delivery - Above Â£10,1,0.0,0.0,3.0,0,2022-01-01 10:05:28
4437824,AFBFREE,AFB Free Delivery - Above Â£10,1,0.0,0.0,3.0,0,2022-01-01 10:05:57
4437834,AFBFREE,AFB Free Delivery - Above Â£10,1,0.0,0.0,3.0,0,2022-01-01 10:07:36
4437839,AFBFREE,AFB Free Delivery - Above Â£10,1,0.0,0.0,3.0,0,2022-01-01 10:08:31
4437843,AFBFREE,AFB Free Delivery - Above Â£10,1,0.0,0.0,3.0,1,2022-01-01 10:08:59
4437850,H&JODIES,Free Delivery Over Â£10 H & Jodies,1,0.0,0.0,2.5,0,2022-01-01 10:09:35
4437866,H&JODIES,Free Delivery Over Â£10 H & Jodies,1,0.0,0.0,2.5,0,2022-01-01 10:13:00
4437869,MERCER,Mercer Way Stores Free Delivery,1,0.0,0.0,2.5,0,2022-01-01 10:13:11
4437959,AFBFREE,AFB Free Delivery - Above Â£10,1,0.0,0.0,3.0,0,2022-01-01 10:24:46
4437967,AFBFREE,AFB Free Delivery - Above Â£10,1,0.0,0.0,3.0,0,2022-01-01 10:25:24
4438014,AFBFREE,AFB Free Delivery - Above Â£10,1,0.0,0.0,3.0,0,2022-01-01 10:32:21
4438018,AFBFREE,AFB Free Delivery - Above Â£10,1,0.0,0.0,3.0,0,2022-01-01 10:32:30
4438030,BISHOPMILL,Bishopmill Service Station Free Delivery,1,0.0,0.0,3.0,0,2022-01-01 10:34:14
4438070,AFBFREE,AFB Free Delivery - Above Â£10,1,0.0,0.0,3.0,0,2022-01-01 10:39:08
4438093,FREEIOM,EVF Free Delivery,1,0.0,0.0,3.0,1,2022-01-01 10:41:36
4438127,AFBFREE,AFB Free Delivery - Above Â£10,1,0.0,0.0,3.0,0,2022-01-01 10:45:15
4438132,FREEHAWICK,One Stop Hawick Free Delivery,1,0.0,0.0,3.0,0,2022-01-01 10:45:39
4438182,AFBFREE,AFB Free Delivery - Above Â£10,1,0.0,0.0,3.0,0,2022-01-01 10:50:48
4438298,AFBFREE,AFB Free Delivery - Above Â£10,1,0.0,0.0,3.0,0,2022-01-01 10:59:46
4438301,AIRFREE,One Stop Airbles Free Delivery,1,0.0,0.0,3.99,0,2022-01-01 11:00:05
4438309,MUIRPARK,Premier Store Muirpark,1,0.0,0.0,3.0,0,2022-01-01 11:00:43
4438316,AIRFREE,One Stop Airbles Free Delivery,1,0.0,0.0,3.99,0,2022-01-01 11:01:16
4438338,AFBFREE,AFB Free Delivery - Above Â£10,1,0.0,0.0,3.0,0,2022-01-01 11:02:47
4438382,AFBFREE,AFB Free Delivery - Above Â£10,1,0.0,0.0,3.0,0,2022-01-01 11:07:26
4438418,FREELANGTOUN,Usave Kirkcaldy Free Delivery,1,0.0,0.0,2.0,0,2022-01-01 11:10:17
4438461,AFBFREE,AFB Free Delivery - Above Â£10,1,0.0,0.0,3.0,0,2022-01-01 11:14:34
4438476,FREEGREENOCK,Nisa Local Greenock Free Delivery,1,0.0,0.0,5.0,0,2022-01-01 11:15:59
4438560,AFBFREE,AFB Free Delivery - Above Â£10,1,0.0,0.0,3.0,0,2022-01-01 11:22:50
4438577,COSTCUTTERFREE,Costcutter Free Delivery,1,0.0,0.0,3.0,0,2022-01-01 11:24:13
4438609,COSTCUTTERFREE,Costcutter Free Delivery,1,0.0,0.0,3.0,0,2022-01-01 11:26:27
4438641,H&JODIES,Free Delivery Over Â£10 H & Jodies,1,0.0,0.0,2.5,0,2022-01-01 11:29:19
4438665,AFBFREE,AFB Free Delivery - Above Â£10,1,0.0,0.0,3.0,0,2022-01-01 11:31:14
4438668,AFBFREE,AFB Free Delivery - Above Â£10,1,0.0,0.0,3.0,0,2022-01-01 11:31:33
4438683,STEVENSTONFREE,Free Delivery 1st Order,1,0.0,0.0,2.0,0,2022-01-01 11:32:23
4438706,AFBFREE,AFB Free Delivery - Above Â£10,1,0.0,0.0,3.0,0,2022-01-01 11:34:00
4438711,FREERAWM,Premier Rawmarsh Free Delivery,1,0.0,0.0,1.0,0,2022-01-01 11:34:19
4438722,FREERAWM,Premier Rawmarsh Free Delivery,1,0.0,0.0,1.0,0,2022-01-01 11:35:00
4438764,FREEPIT,Pitlochry Premier Free Delivery,1,0.0,0.0,2.0,0,2022-01-01 11:38:50
4438806,AFBFREE,AFB Free Delivery - Above Â£10,1,0.0,0.0,3.0,0,2022-01-01 11:42:20
4438827,AFBFREE,AFB Free Delivery - Above Â£10,1,0.0,0.0,3.0,0,2022-01-01 11:43:50
4438858,AFBFREE,AFB Free Delivery - Above Â£10,1,0.0,0.0,3.0,0,2022-01-01 11:46:17
4438879,AFBFREE,AFB Free Delivery - Above Â£10,1,0.0,0.0,3.0,0,2022-01-01 11:47:13
4438890,AFBFREE,AFB Free Delivery - Above Â£10,1,0.0,0.0,3.0,0,2022-01-01 11:47:51
4438892,FREEGOVAN,govan free delivery,1,0.0,0.0,3.5,0,2022-01-01 11:47:54
4438894,FDKAFIX,Free delivery to CH498HG,1,0.0,0.0,2.0,0,2022-01-01 11:47:59
4438904,AFBFREE,AFB Free Delivery - Above Â£10,1,0.0,0.0,3.0,0,2022-01-01 11:48:55
4438921,AFBFREE,AFB Free Delivery - Above Â£10,1,0.0,0.0,3.0,0,2022-01-01 11:50:08
4438936,AFBFREE,AFB Free Delivery - Above Â£10,1,0.0,0.0,3.0,0,2022-01-01 11:51:27
4438944,AFBFREE,AFB Free Delivery - Above Â£10,1,0.0,0.0,3.0,0,2022-01-01 11:51:48
4438981,FREEHURL,Best One Hurlford Free Delivery,1,0.0,0.0,3.0,0,2022-01-01 11:55:01
4438987,FREEPENLAN,Sanghera Free Delivery,1,0.0,0.0,3.0,0,2022-01-01 11:55:23
4439027,FREEIRNBRU,Free 500ml Irn Bru bottle,1,0.0,0.0,3.0,0,2022-01-01 11:57:30
4439035,AFBFREE,AFB Free Delivery - Above Â£10,1,0.0,0.0,3.0,0,2022-01-01 11:58:06
4439036,AFBFREE,AFB Free Delivery - Above Â£10,1,0.0,0.0,3.0,0,2022-01-01 11:58:08
4439043,FREERAWM,Premier Rawmarsh Free Delivery,1,0.0,0.0,1.0,0,2022-01-01 11:58:34
4439068,AFBFREE,AFB Free Delivery - Above Â£10,1,0.0,0.0,3.0,0,2022-01-01 12:00:02
4439101,AFBFREE,AFB Free Delivery - Above Â£10,1,0.0,0.0,3.0,0,2022-01-01 12:01:57
4439135,AFBFREE,AFB Free Delivery - Above Â£10,1,0.0,0.0,3.0,0,2022-01-01 12:04:04
4439140,AFBFREE,AFB Free Delivery - Above Â£10,1,0.0,0.0,3.0,0,2022-01-01 12:04:31
4439144,AFBFREE,AFB Free Delivery - Above Â£10,1,0.0,0.0,3.0,0,2022-01-01 12:05:08
4439251,WELCOME5,Â£5 off minimum Â£15 Excludes Alcohol & Tobacco ,0,5.0,0.0,5.0,0,2022-01-01 12:12:15
4439273,AFBFREE,AFB Free Delivery - Above Â£10,1,0.0,0.0,3.0,0,2022-01-01 12:14:46
4439275,AFBFREE,AFB Free Delivery - Above Â£10,1,0.0,0.0,3.0,0,2022-01-01 12:14:49
4439279,BRISTOL1,SCOOP BRISTOL1 new store launch,1,0.0,0.0,3.0,0,2022-01-01 12:15:11
4439312,AFBFREE,AFB Free Delivery - Above Â£10,1,0.0,0.0,3.0,0,2022-01-01 12:17:40
4439317,NOW5,Â£5 off minimum Â£15 Excludes Alcohol & Tobacco ,0,5.0,0.0,5.0,0,2022-01-01 12:18:13
4439362,AFBFREE,AFB Free Delivery - Above Â£10,1,0.0,0.0,3.0,0,2022-01-01 12:21:21
4439370,AFBFREE,AFB Free Delivery - Above Â£10,1,0.0,0.0,3.0,0,2022-01-01 12:21:36
4439490,AFBFREE,AFB Free Delivery - Above Â£10,1,0.0,0.0,3.0,0,2022-01-01 12:28:19
4439526,AFBFREE,AFB Free Delivery - Above Â£10,1,0.0,0.0,3.0,0,2022-01-01 12:30:06
4439545,AFBFREE,AFB Free Delivery - Above Â£10,1,0.0,0.0,3.0,0,2022-01-01 12:31:11
4439554,AIRFREE,One Stop Airbles Free Delivery,1,0.0,0.0,3.99,0,2022-01-01 12:32:04
4439567,AFBFREE,AFB Free Delivery - Above Â£10,1,0.0,0.0,3.0,0,2022-01-01 12:33:10
4439629,AFBFREE,AFB Free Delivery - Above Â£10,1,0.0,0.0,3.0,0,2022-01-01 12:37:18
4439684,AFBFREE,AFB Free Delivery - Above Â£10,1,0.0,0.0,3.0,0,2022-01-01 12:41:02
4439708,AFBFREE,AFB Free Delivery - Above Â£10,1,0.0,0.0,3.0,0,2022-01-01 12:42:31
4439719,AFBFREE,AFB Free Delivery - Above Â£10,1,0.0,0.0,3.0,0,2022-01-01 12:43:14
4439751,FREEROCHDALE,Oldham Road Free Delivery ,1,0.0,0.0,2.0,0,2022-01-01 12:45:06
4439760,FREEHURL,Best One Hurlford Free Delivery,1,0.0,0.0,3.0,0,2022-01-01 12:46:20
4439803,AFBFREE,AFB Free Delivery - Above Â£10,1,0.0,0.0,3.0,0,2022-01-01 12:49:05
4439806,AFBFREE,AFB Free Delivery - Above Â£10,1,0.0,0.0,3.0,0,2022-01-01 12:49:17
4439813,AFBFREE,AFB Free Delivery - Above Â£10,1,0.0,0.0,3.0,0,2022-01-01 12:50:03
4439826,AFBFREE,AFB Free Delivery - Above Â£10,1,0.0,0.0,3.0,0,2022-01-01 12:50:42
4439831,WELCOME5,Â£5 off minimum Â£15 Excludes Alcohol & Tobacco ,0,5.0,0.0,5.0,0,2022-01-01 12:51:11
4439857,AFBFREE,AFB Free Delivery - Above Â£10,1,0.0,0.0,3.0,0,2022-01-01 12:52:40
4439859,WELCOME5,Â£5 off minimum Â£15 Excludes Alcohol & Tobacco ,0,5.0,0.0,5.0,0,2022-01-01 12:53:10
4439907,AFBFREE,AFB Free Delivery - Above Â£10,1,0.0,0.0,3.0,0,2022-01-01 12:56:10
4439908,AFBFREE,AFB Free Delivery - Above Â£10,1,0.0,0.0,3.0,0,2022-01-01 12:56:18
4439911,AFBFREE,AFB Free Delivery - Above Â£10,1,0.0,0.0,3.0,0,2022-01-01 12:56:29
4439924,AFBFREE,AFB Free Delivery - Above Â£10,1,0.0,0.0,3.0,0,2022-01-01 12:57:05
4439934,AFBFREE,AFB Free Delivery - Above Â£10,1,0.0,0.0,3.0,0,2022-01-01 12:57:47
4439938,AFBFREE,AFB Free Delivery - Above Â£10,1,0.0,0.0,3.0,0,2022-01-01 12:58:09
4440079,AFBFREE,AFB Free Delivery - Above Â£10,1,0.0,0.0,3.0,0,2022-01-01 13:05:37
4440125,FREESOPHIES,Megasave Sofie's Nisa Free Delivery,1,0.0,0.0,2.0,0,2022-01-01 13:08:12
4440140,AFBFREE,AFB Free Delivery - Above Â£10,1,0.0,0.0,3.0,0,2022-01-01 13:08:58
4440195,NOW5,Â£5 off minimum Â£15 Excludes Alcohol & Tobacco ,0,5.0,0.0,5.0,0,2022-01-01 13:12:14
4440242,AFBFREE,AFB Free Delivery - Above Â£10,1,0.0,0.0,3.0,0,2022-01-01 13:14:59
4440241,AFBFREE,AFB Free Delivery - Above Â£10,1,0.0,0.0,3.0,0,2022-01-01 13:15:00
4440269,AFBFREE,AFB Free Delivery - Above Â£10,1,0.0,0.0,3.0,0,2022-01-01 13:16:56
4440273,AFBFREE,AFB Free Delivery - Above Â£10,1,0.0,0.0,3.0,0,2022-01-01 13:16:56
4440274,AFBFREE,AFB Free Delivery - Above Â£10,1,0.0,0.0,3.0,0,2022-01-01 13:16:58
4440308,NOW5,Â£5 off minimum Â£15 Excludes Alcohol & Tobacco ,0,5.0,0.0,5.0,0,2022-01-01 13:18:54
4440310,AFBFREE,AFB Free Delivery - Above Â£10,1,0.0,0.0,3.0,0,2022-01-01 13:18:58
4440357,AFBFREE,AFB Free Delivery - Above Â£10,1,0.0,0.0,3.0,0,2022-01-01 13:21:49
4440454,AFBFREE,AFB Free Delivery - Above Â£10,1,0.0,0.0,3.0,0,2022-01-01 13:26:48
4440460,SHAUN1,5 Free Deliveries Manual,1,0.0,0.0,2.0,0,2022-01-01 13:27:14
4440493,AFBFREE,AFB Free Delivery - Above Â£10,1,0.0,0.0,3.0,0,2022-01-01 13:29:34
4440550,AFBFREE,AFB Free Delivery - Above Â£10,1,0.0,0.0,3.0,0,2022-01-01 13:32:58
4440555,AFBFREE,AFB Free Delivery - Above Â£10,1,0.0,0.0,3.0,0,2022-01-01 13:33:31
4440580,AFBFREE,AFB Free Delivery - Above Â£10,1,0.0,0.0,3.0,0,2022-01-01 13:34:39
4440613,CARSTAIRS,Londis Carstairs Junction Free Delivery,1,0.0,0.0,3.0,0,2022-01-01 13:36:11
4440643,AFBFREE,AFB Free Delivery - Above Â£10,1,0.0,0.0,3.0,0,2022-01-01 13:38:12
4440648,AFBFREE,AFB Free Delivery - Above Â£10,1,0.0,0.0,3.0,0,2022-01-01 13:38:18
4440653,CARSTAIRS,Londis Carstairs Junction Free Delivery,1,0.0,0.0,3.0,0,2022-01-01 13:38:25
4440658,AFBFREE,AFB Free Delivery - Above Â£10,1,0.0,0.0,3.0,0,2022-01-01 13:38:33
4440722,AFBFREE,AFB Free Delivery - Above Â£10,1,0.0,0.0,3.0,0,2022-01-01 13:41:49
4440723,AFBFREE,AFB Free Delivery - Above Â£10,1,0.0,0.0,3.0,0,2022-01-01 13:41:49
4440734,AFBFREE,AFB Free Delivery - Above Â£10,1,0.0,0.0,3.0,0,2022-01-01 13:42:19
4440737,AFBFREE,AFB Free Delivery - Above Â£10,1,0.0,0.0,3.0,0,2022-01-01 13:42:29
4440740,AFBFREE,AFB Free Delivery - Above Â£10,1,0.0,0.0,3.0,0,2022-01-01 13:42:36
4440746,AFBFREE,AFB Free Delivery - Above Â£10,1,0.0,0.0,3.0,0,2022-01-01 13:42:55
4440803,AFBFREE,AFB Free Delivery - Above Â£10,1,0.0,0.0,3.0,0,2022-01-01 13:47:26
4440823,AFBFREE,AFB Free Delivery - Above Â£10,1,0.0,0.0,3.0,0,2022-01-01 13:48:27
4440849,AFBFREE,AFB Free Delivery - Above Â£10,1,0.0,0.0,3.0,0,2022-01-01 13:49:57
4440892,ARMADALE,New Armadale Free Delivery 05/01/21,1,0.0,0.0,4.0,0,2022-01-01 13:52:29
4440901,AFBFREE,AFB Free Delivery - Above Â£10,1,0.0,0.0,3.0,0,2022-01-01 13:52:56
4440918,AFBFREE,AFB Free Delivery - Above Â£10,1,0.0,0.0,3.0,0,2022-01-01 13:53:43
4440983,COLLEGERD,Nisa Local College road Free Delivery,1,0.0,0.0,3.0,0,2022-01-01 13:58:10
4441005,AFBFREE,AFB Free Delivery - Above Â£10,1,0.0,0.0,3.0,0,2022-01-01 13:59:27
4441018,FREEIRNBRU,Free 500ml Irn Bru bottle,1,0.0,0.0,2.95,0,2022-01-01 13:59:58
4441019,AFBFREE,AFB Free Delivery - Above Â£10,1,0.0,0.0,3.0,0,2022-01-01 14:00:00
4441039,AFBFREE,AFB Free Delivery - Above Â£10,1,0.0,0.0,3.0,0,2022-01-01 14:00:43
4441045,AFBFREE,AFB Free Delivery - Above Â£10,1,0.0,0.0,3.0,0,2022-01-01 14:01:24
4441050,AFBFREE,AFB Free Delivery - Above Â£10,1,0.0,0.0,3.0,0,2022-01-01 14:01:24
4441093,ATWAL,Atwal Convenience Store Annan Free Delivery,1,0.0,0.0,3.0,0,2022-01-01 14:03:26
4441116,AFBFREE,AFB Free Delivery - Above Â£10,1,0.0,0.0,3.0,0,2022-01-01 14:05:23
4441123,AFBFREE,AFB Free Delivery - Above Â£10,1,0.0,0.0,3.0,0,2022-01-01 14:05:31
4441128,FREEHORSE,Horsefair Free Delivery,1,0.0,0.0,5.0,0,2022-01-01 14:06:08
4441136,FREEHORSE,Horsefair Free Delivery,1,0.0,0.0,5.0,0,2022-01-01 14:06:11
4441139,AFBFREE,AFB Free Delivery - Above Â£10,1,0.0,0.0,3.0,0,2022-01-01 14:06:25
4441171,AFBFREE,AFB Free Delivery - Above Â£10,1,0.0,0.0,3.0,0,2022-01-01 14:07:37
4441202,AFBFREE,AFB Free Delivery - Above Â£10,1,0.0,0.0,3.0,0,2022-01-01 14:09:29
4441228,AFBFREE,AFB Free Delivery - Above Â£10,1,0.0,0.0,3.0,0,2022-01-01 14:10:30
4441241,AFBFREE,AFB Free Delivery - Above Â£10,1,0.0,0.0,3.0,0,2022-01-01 14:11:20
4441248,FREESTONEY,Free Delivery Stoneyburn,1,0.0,0.0,3.0,0,2022-01-01 14:11:41
4441252,DELIVERYDISCOUNT,Free Delivery,1,0.0,0.0,3.0,0,2022-01-01 14:11:47
4441257,AFBFREE,AFB Free Delivery - Above Â£10,1,0.0,0.0,3.0,0,2022-01-01 14:12:02
4441269,AFBFREE,AFB Free Delivery - Above Â£10,1,0.0,0.0,3.0,0,2022-01-01 14:12:59
4441343,THEAVE,Premier The Avenue Free Delivery,1,0.0,0.0,5.0,0,2022-01-01 14:17:27
4441377,AFBFREE,AFB Free Delivery - Above Â£10,1,0.0,0.0,3.0,0,2022-01-01 14:19:07
4441399,AFBFREE,AFB Free Delivery - Above Â£10,1,0.0,0.0,3.0,0,2022-01-01 14:20:40
4441400,AFBFREE,AFB Free Delivery - Above Â£10,1,0.0,0.0,3.0,0,2022-01-01 14:20:43
4441424,AFBFREE,AFB Free Delivery - Above Â£10,1,0.0,0.0,3.0,0,2022-01-01 14:22:35
4441482,FREEBELL,Nisa Local Bellshill Free Delivery,1,0.0,0.0,3.5,0,2022-01-01 14:26:20
4441512,AFBFREE,AFB Free Delivery - Above Â£10,1,0.0,0.0,3.0,0,2022-01-01 14:28:25
4441530,GIRDLE,Premier Girdle Toll Free Delivery,1,0.0,0.0,5.0,0,2022-01-01 14:29:23
4441569,AFBFREE,AFB Free Delivery - Above Â£10,1,0.0,0.0,3.0,0,2022-01-01 14:31:39
4441619,NOW5,Â£5 off minimum Â£15 Excludes Alcohol & Tobacco ,0,5.0,0.0,5.0,0,2022-01-01 14:34:57
4441633,GARETHFREE,Free Delivery For New Customers,1,0.0,0.0,3.0,0,2022-01-01 14:35:55
4441639,ATWAL,Atwal Convenience Store Annan Free Delivery,1,0.0,0.0,3.0,0,2022-01-01 14:36:13
4441669,AFBFREE,AFB Free Delivery - Above Â£10,1,0.0,0.0,3.0,0,2022-01-01 14:38:34
4441706,JOHALS,Johals Convenience Free Delivery ,1,0.0,0.0,3.0,0,2022-01-01 14:40:25
4441773,JOHALS,Johals Convenience Free Delivery ,1,0.0,0.0,3.0,0,2022-01-01 14:44:04
4441802,AFBFREE,AFB Free Delivery - Above Â£10,1,0.0,0.0,3.0,0,2022-01-01 14:45:04
4441815,JOHALS,Johals Convenience Free Delivery ,1,0.0,0.0,3.0,0,2022-01-01 14:45:41
4441822,SHOTTSFREE,Free Delivery 1st Order,1,0.0,0.0,3.0,0,2022-01-01 14:46:21
4441828,JOHALS,Johals Convenience Free Delivery ,1,0.0,0.0,3.0,0,2022-01-01 14:46:42
4441832,SHOTTSFREE,Free Delivery 1st Order,1,0.0,0.0,3.0,0,2022-01-01 14:47:05
4441875,AFBFREE,AFB Free Delivery - Above Â£10,1,0.0,0.0,3.0,0,2022-01-01 14:49:23
4441866,AFBFREE,AFB Free Delivery - Above Â£10,1,0.0,0.0,3.0,0,2022-01-01 14:49:58
4441836,AFBFREE,AFB Free Delivery - Above Â£10,1,0.0,0.0,3.0,0,2022-01-01 14:49:58
4441812,AFBFREE,AFB Free Delivery - Above Â£10,1,0.0,0.0,3.0,0,2022-01-01 14:49:58
4441886,AFBFREE,AFB Free Delivery - Above Â£10,1,0.0,0.0,3.0,0,2022-01-01 14:49:59
4441888,AFBFREE,AFB Free Delivery - Above Â£10,1,0.0,0.0,3.0,0,2022-01-01 14:49:59
4441889,AFBFREE,AFB Free Delivery - Above Â£10,1,0.0,0.0,3.0,0,2022-01-01 14:50:00
4441890,AFBFREE,AFB Free Delivery - Above Â£10,1,0.0,0.0,3.0,0,2022-01-01 14:50:00
4441891,AFBFREE,AFB Free Delivery - Above Â£10,1,0.0,0.0,3.0,0,2022-01-01 14:50:01
4441892,AFBFREE,AFB Free Delivery - Above Â£10,1,0.0,0.0,3.0,0,2022-01-01 14:50:01
4441893,AFBFREE,AFB Free Delivery - Above Â£10,1,0.0,0.0,3.0,0,2022-01-01 14:50:02
4441895,AFBFREE,AFB Free Delivery - Above Â£10,1,0.0,0.0,3.0,0,2022-01-01 14:50:02
4441896,AFBFREE,AFB Free Delivery - Above Â£10,1,0.0,0.0,3.0,0,2022-01-01 14:50:03
4441897,AFBFREE,AFB Free Delivery - Above Â£10,1,0.0,0.0,3.0,0,2022-01-01 14:50:03
4441898,AFBFREE,AFB Free Delivery - Above Â£10,1,0.0,0.0,3.0,0,2022-01-01 14:50:04
4441900,AFBFREE,AFB Free Delivery - Above Â£10,1,0.0,0.0,3.0,0,2022-01-01 14:50:04
4441901,AFBFREE,AFB Free Delivery - Above Â£10,1,0.0,0.0,3.0,0,2022-01-01 14:50:05
4441902,AFBFREE,AFB Free Delivery - Above Â£10,1,0.0,0.0,3.0,0,2022-01-01 14:50:05
4441912,AFBFREE,AFB Free Delivery - Above Â£10,1,0.0,0.0,3.0,0,2022-01-01 14:50:41
4441927,JOHALS,Johals Convenience Free Delivery ,1,0.0,0.0,3.0,0,2022-01-01 14:51:49
4441967,AFBFREE,AFB Free Delivery - Above Â£10,1,0.0,0.0,3.0,0,2022-01-01 14:54:58
4441974,AFBFREE,AFB Free Delivery - Above Â£10,1,0.0,0.0,3.0,0,2022-01-01 14:55:16
4442041,AFBFREE,AFB Free Delivery - Above Â£10,1,0.0,0.0,3.0,0,2022-01-01 14:59:21
4442048,AFBFREE,AFB Free Delivery - Above Â£10,1,0.0,0.0,3.0,0,2022-01-01 14:59:30
4442065,FERGUSLIEFREE,Free Delivery 1st Order,1,0.0,0.0,5.0,0,2022-01-01 15:01:08
4442087,FREEBELL,Nisa Local Bellshill Free Delivery,1,0.0,0.0,3.5,0,2022-01-01 15:02:35
4442192,FREELANGTOUN,Usave Kirkcaldy Free Delivery,1,0.0,0.0,2.0,0,2022-01-01 15:10:14
4442213,FREELANGTOUN,Usave Kirkcaldy Free Delivery,1,0.0,0.0,2.0,0,2022-01-01 15:11:19
4442220,FREEKINGSPARK,Kings Park Free Delivery,1,0.0,0.0,3.99,0,2022-01-01 15:11:30
4442222,AFBFREE,AFB Free Delivery - Above Â£10,1,0.0,0.0,3.0,0,2022-01-01 15:11:42
4442237,AFBFREE,AFB Free Delivery - Above Â£10,1,0.0,0.0,3.0,0,2022-01-01 15:12:33
4442346,FREEGOVAN,govan free delivery,1,0.0,0.0,4.5,0,2022-01-01 15:18:58
4442354,BEECHGROVE,Premier Beechgrove Free Delivery,1,0.0,0.0,3.0,0,2022-01-01 15:19:46
4442358,AFBFREE,AFB Free Delivery - Above Â£10,1,0.0,0.0,3.0,0,2022-01-01 15:19:53
4442391,AFBFREE,AFB Free Delivery - Above Â£10,1,0.0,0.0,3.0,0,2022-01-01 15:21:53
4442393,AFBFREE,AFB Free Delivery - Above Â£10,1,0.0,0.0,3.0,0,2022-01-01 15:22:03
4442395,AFBFREE,AFB Free Delivery - Above Â£10,1,0.0,0.0,3.0,1,2022-01-01 15:22:06
4442406,AFBFREE,AFB Free Delivery - Above Â£10,1,0.0,0.0,3.0,0,2022-01-01 15:22:15
4442438,AFBFREE,AFB Free Delivery - Above Â£10,1,0.0,0.0,3.0,0,2022-01-01 15:25:22
4442444,BIRCHGROVEFREE,Free Delivery 1st Order,1,0.0,0.0,3.0,0,2022-01-01 15:25:56
4442456,AFBFREE,AFB Free Delivery - Above Â£10,1,0.0,0.0,3.0,0,2022-01-01 15:26:19
4442500,GILMERTON,Gilmerton Grocers,1,0.0,0.0,4.0,0,2022-01-01 15:29:23
4442520,FREESTONEY,Free Delivery Stoneyburn,1,0.0,0.0,4.0,0,2022-01-01 15:30:32
4442526,AFBFREE,AFB Free Delivery - Above Â£10,1,0.0,0.0,3.0,0,2022-01-01 15:30:57
4442557,FDST7M9,Free delivery to CH437XG,1,0.0,0.0,2.5,0,2022-01-01 15:32:53
4442573,AFBFREE,AFB Free Delivery - Above Â£10,1,0.0,0.0,3.0,0,2022-01-01 15:33:49
4442602,AFBFREE,AFB Free Delivery - Above Â£10,1,0.0,0.0,3.0,0,2022-01-01 15:36:35
4442609,AFBFREE,AFB Free Delivery - Above Â£10,1,0.0,0.0,3.0,1,2022-01-01 15:37:03
4442637,CARSTAIRS,Londis Carstairs Junction Free Delivery,1,0.0,0.0,3.0,0,2022-01-01 15:38:52
4442695,FDHLKES,Free delivery to CH494ND,1,0.0,0.0,2.0,0,2022-01-01 15:41:49
4442736,AFBFREE,AFB Free Delivery - Above Â£10,1,0.0,0.0,3.0,0,2022-01-01 15:44:16
4442751,AFBFREE,AFB Free Delivery - Above Â£10,1,0.0,0.0,3.0,1,2022-01-01 15:45:33
4442770,AFBFREE,AFB Free Delivery - Above Â£10,1,0.0,0.0,3.0,0,2022-01-01 15:46:16
4442784,CARSTAIRS,Londis Carstairs Junction Free Delivery,1,0.0,0.0,2.0,0,2022-01-01 15:47:27
4442805,FREEHURL,Best One Hurlford Free Delivery,1,0.0,0.0,3.0,0,2022-01-01 15:49:07
4442807,AFBFREE,AFB Free Delivery - Above Â£10,1,0.0,0.0,3.0,0,2022-01-01 15:49:27
4442810,AFBFREE,AFB Free Delivery - Above Â£10,1,0.0,0.0,3.0,0,2022-01-01 15:49:38
4442821,AFBFREE,AFB Free Delivery - Above Â£10,1,0.0,0.0,3.0,0,2022-01-01 15:50:08
4442828,AFBFREE,AFB Free Delivery - Above Â£10,1,0.0,0.0,3.0,0,2022-01-01 15:50:39
4442855,H&JODIES,Free Delivery Over Â£10 H & Jodies,1,0.0,0.0,2.5,0,2022-01-01 15:52:39
4442862,AFBFREE,AFB Free Delivery - Above Â£10,1,0.0,0.0,3.0,0,2022-01-01 15:53:00
4442882,FREEWITTON,Witton Lodge Premier Free Delivery,1,0.0,0.0,5.0,0,2022-01-01 15:53:55
4442924,KEYKORNER,Key Korner Service Station Free Delivery,1,0.0,0.0,6.0,0,2022-01-01 15:57:04
4442934,KEYKORNER,Key Korner Service Station Free Delivery,1,0.0,0.0,6.0,0,2022-01-01 15:57:47
4442951,AFBFREE,AFB Free Delivery - Above Â£10,1,0.0,0.0,3.0,0,2022-01-01 15:59:12
4442999,AFBFREE,AFB Free Delivery - Above Â£10,1,0.0,0.0,3.0,0,2022-01-01 16:02:21
4443042,FREEPENLAN,Sanghera Free Delivery,1,0.0,0.0,3.0,0,2022-01-01 16:04:41
4443044,FREESOPHIES,Megasave Sofie's Nisa Free Delivery,1,0.0,0.0,2.0,0,2022-01-01 16:04:51
4443046,AFBFREE,AFB Free Delivery - Above Â£10,1,0.0,0.0,3.0,0,2022-01-01 16:05:01
4443059,FREEPENLAN,Sanghera Free Delivery,1,0.0,0.0,3.0,0,2022-01-01 16:05:47
4443067,FREEPENLAN,Sanghera Free Delivery,1,0.0,0.0,3.0,0,2022-01-01 16:06:06
4443075,AFBFREE,AFB Free Delivery - Above Â£10,1,0.0,0.0,3.0,0,2022-01-01 16:06:37
4443079,AFBFREE,AFB Free Delivery - Above Â£10,1,0.0,0.0,3.0,0,2022-01-01 16:07:03
4443081,AFBFREE,AFB Free Delivery - Above Â£10,1,0.0,0.0,3.0,0,2022-01-01 16:07:11
4443122,AFBFREE,AFB Free Delivery - Above Â£10,1,0.0,0.0,3.0,0,2022-01-01 16:09:56
4443141,AFBFREE,AFB Free Delivery - Above Â£10,1,0.0,0.0,3.0,0,2022-01-01 16:11:17
4443164,AFBFREE,AFB Free Delivery - Above Â£10,1,0.0,0.0,3.0,0,2022-01-01 16:12:22
4443167,AFBFREE,AFB Free Delivery - Above Â£10,1,0.0,0.0,3.0,0,2022-01-01 16:12:40
4443172,AFBFREE,AFB Free Delivery - Above Â£10,1,0.0,0.0,3.0,0,2022-01-01 16:12:50
4443182,AFBFREE,AFB Free Delivery - Above Â£10,1,0.0,0.0,3.0,0,2022-01-01 16:13:08
4443248,FORFAR,Premier Forfar Free Delivery,1,0.0,0.0,5.0,0,2022-01-01 16:17:17
4443269,FREESTOKEONT,Family Shopper Stoke Free Delivery,1,0.0,0.0,2.49,0,2022-01-01 16:18:05
4443278,JOHALS,Johals Convenience Free Delivery ,1,0.0,0.0,3.0,0,2022-01-01 16:18:19
4443379,SHOTTSFREE,Free Delivery 1st Order,1,0.0,0.0,3.0,0,2022-01-01 16:25:21
4443405,AFBFREE,AFB Free Delivery - Above Â£10,1,0.0,0.0,3.0,0,2022-01-01 16:27:15
4443445,MUGIEMOSSFREE,Free Delivery 1st Order,1,0.0,0.0,3.5,0,2022-01-01 16:30:14
4443469,AFBFREE,AFB Free Delivery - Above Â£10,1,0.0,0.0,3.0,0,2022-01-01 16:31:00
4443479,AFBFREE,AFB Free Delivery - Above Â£10,1,0.0,0.0,3.0,0,2022-01-01 16:31:28
4443496,AFBFREE,AFB Free Delivery - Above Â£10,1,0.0,0.0,3.0,0,2022-01-01 16:32:23
4443500,AFBFREE,AFB Free Delivery - Above Â£10,1,0.0,0.0,3.0,0,2022-01-01 16:32:52
4443512,SWANSIDE,Todays Extra Swanside Free Delivery,1,0.0,0.0,2.0,0,2022-01-01 16:33:52
4443545,FREEGOVAN,govan free delivery,1,0.0,0.0,4.0,0,2022-01-01 16:36:52
4443564,AFBFREE,AFB Free Delivery - Above Â£10,1,0.0,0.0,3.0,0,2022-01-01 16:37:43
4443574,AFBFREE,AFB Free Delivery - Above Â£10,1,0.0,0.0,3.0,0,2022-01-01 16:38:13
4443604,BISHOPMILL,Bishopmill Service Station Free Delivery,1,0.0,0.0,3.0,0,2022-01-01 16:39:53
4443626,MRNEWSFREE,Free Delivery - 1st Order,1,0.0,0.0,5.0,0,2022-01-01 16:41:29
4443638,AFBFREE,AFB Free Delivery - Above Â£10,1,0.0,0.0,3.0,0,2022-01-01 16:42:33
4443654,AFBFREE,AFB Free Delivery - Above Â£10,1,0.0,0.0,3.0,0,2022-01-01 16:43:56
4443666,GARETHFREE,Free Delivery For New Customers,1,0.0,0.0,3.0,0,2022-01-01 16:45:05
4443689,ENJOY5,Â£5 off on min spends of Â£15,0,5.0,0.0,5.0,0,2022-01-01 16:45:57
4443719,STEVENSTONFREE,Free Delivery 1st Order,1,0.0,0.0,2.0,0,2022-01-01 16:47:25
4443831,AFBFREE,AFB Free Delivery - Above Â£10,1,0.0,0.0,3.0,0,2022-01-01 16:54:11
4443914,AFBFREE,AFB Free Delivery - Above Â£10,1,0.0,0.0,3.0,0,2022-01-01 17:00:39
4444030,AFBFREE,AFB Free Delivery - Above Â£10,1,0.0,0.0,3.0,0,2022-01-01 17:07:24
4444038,ARMADALE,New Armadale Free Delivery 05/01/21,1,0.0,0.0,4.0,0,2022-01-01 17:08:04
4444039,AFBFREE,AFB Free Delivery - Above Â£10,1,0.0,0.0,3.0,0,2022-01-01 17:08:05
4444096,BISHOPMILL,Bishopmill Service Station Free Delivery,1,0.0,0.0,3.0,0,2022-01-01 17:11:03
4444106,AFBFREE,AFB Free Delivery - Above Â£10,1,0.0,0.0,3.0,0,2022-01-01 17:11:45
4444120,FDO3M5V,Free delivery to CH439WQ,1,0.0,0.0,2.5,0,2022-01-01 17:13:11
4444137,AFBFREE,AFB Free Delivery - Above Â£10,1,0.0,0.0,3.0,0,2022-01-01 17:14:21
4444166,FREEKINGSPARK,Kings Park Free Delivery,1,0.0,0.0,3.99,0,2022-01-01 17:16:37
4444178,AFBFREE,AFB Free Delivery - Above Â£10,1,0.0,0.0,3.0,0,2022-01-01 17:17:02
4444274,AFBFREE,AFB Free Delivery - Above Â£10,1,0.0,0.0,3.0,0,2022-01-01 17:23:05
4444289,AFBFREE,AFB Free Delivery - Above Â£10,1,0.0,0.0,3.0,0,2022-01-01 17:23:37
4444311,MRNEWSFREE,Free Delivery - 1st Order,1,0.0,0.0,5.0,0,2022-01-01 17:25:05
4444415,FREETVILL,Premier Touch Village Store Free Delivery,1,0.0,0.0,5.0,0,2022-01-01 17:32:17
4444521,AFBFREE,AFB Free Delivery - Above Â£10,1,0.0,0.0,3.0,0,2022-01-01 17:40:55
4444523,AFBFREE,AFB Free Delivery - Above Â£10,1,0.0,0.0,3.0,0,2022-01-01 17:41:01
4444529,AFBFREE,AFB Free Delivery - Above Â£10,1,0.0,0.0,3.0,0,2022-01-01 17:41:20
4444535,TOPUP,Bundle Offer for 1p,1,0.0,0.0,2.0,0,2022-01-01 17:41:46
4444558,AFBFREE,AFB Free Delivery - Above Â£10,1,0.0,0.0,3.0,0,2022-01-01 17:42:43
4444632,FREEIRNBRU,Free 500ml Irn Bru bottle,1,0.0,0.0,3.0,0,2022-01-01 17:47:50
4444640,AFBFREE,AFB Free Delivery - Above Â£10,1,0.0,0.0,3.0,0,2022-01-01 17:48:17
4444648,AFBFREE,AFB Free Delivery - Above Â£10,1,0.0,0.0,3.0,0,2022-01-01 17:48:47
4444655,AFBFREE,AFB Free Delivery - Above Â£10,1,0.0,0.0,3.0,0,2022-01-01 17:49:27
4444666,AFBFREE,AFB Free Delivery - Above Â£10,1,0.0,0.0,3.0,0,2022-01-01 17:50:35
4444713,AFBFREE,AFB Free Delivery - Above Â£10,1,0.0,0.0,3.0,0,2022-01-01 17:54:16
4444714,AFBFREE,AFB Free Delivery - Above Â£10,1,0.0,0.0,3.0,0,2022-01-01 17:54:23
4444716,WISHAW,Keystore Wishaw Free Delivery,1,0.0,0.0,4.5,0,2022-01-01 17:54:35
4444719,AFBFREE,AFB Free Delivery - Above Â£10,1,0.0,0.0,3.0,0,2022-01-01 17:54:46
4444725,AFBFREE,AFB Free Delivery - Above Â£10,1,0.0,0.0,3.0,0,2022-01-01 17:55:01
4444739,AFBFREE,AFB Free Delivery - Above Â£10,1,0.0,0.0,3.0,0,2022-01-01 17:56:03
4444759,AFBFREE,AFB Free Delivery - Above Â£10,1,0.0,0.0,3.0,0,2022-01-01 17:57:17
4444764,WISHAW,Keystore Wishaw Free Delivery,1,0.0,0.0,4.5,0,2022-01-01 17:57:53
4444766,AFBFREE,AFB Free Delivery - Above Â£10,1,0.0,0.0,3.0,0,2022-01-01 17:58:01
4444769,FORFAR,Premier Forfar Free Delivery,1,0.0,0.0,5.0,0,2022-01-01 17:58:18
4444774,AFBFREE,AFB Free Delivery - Above Â£10,1,0.0,0.0,3.0,0,2022-01-01 17:58:32
4444802,AIRDRIEFREE,free delivery,1,0.0,0.0,3.0,0,2022-01-01 18:01:24
4444805,AFBFREE,AFB Free Delivery - Above Â£10,1,0.0,0.0,3.0,0,2022-01-01 18:01:53
4444806,AIRDRIEFREE,free delivery,1,0.0,0.0,3.0,0,2022-01-01 18:01:54
4444868,AFBFREE,AFB Free Delivery - Above Â£10,1,0.0,0.0,3.0,0,2022-01-01 18:07:07
4444873,FREEIRNBRU,Free 500ml Irn Bru bottle,1,0.0,0.0,3.0,0,2022-01-01 18:07:46
4444892,AFBFREE,AFB Free Delivery - Above Â£10,1,0.0,0.0,3.0,0,2022-01-01 18:09:43
4444897,SHOTTSFREE,Free Delivery 1st Order,1,0.0,0.0,3.0,0,2022-01-01 18:10:02
4444899,AFBFREE,AFB Free Delivery - Above Â£10,1,0.0,0.0,3.0,0,2022-01-01 18:10:13
4444904,AFBFREE,AFB Free Delivery - Above Â£10,1,0.0,0.0,3.0,0,2022-01-01 18:10:21
4444912,AFBFREE,AFB Free Delivery - Above Â£10,1,0.0,0.0,3.0,0,2022-01-01 18:11:10
4445003,AFBFREE,AFB Free Delivery - Above Â£10,1,0.0,0.0,3.0,0,2022-01-01 18:18:42
4445012,MRNEWSFREE,Free Delivery - 1st Order,1,0.0,0.0,5.0,0,2022-01-01 18:19:55
4445060,FERRYHILL,Free Delivery,1,0.0,0.0,4.0,0,2022-01-01 18:23:23
4445097,AFBFREE,AFB Free Delivery - Above Â£10,1,0.0,0.0,3.0,0,2022-01-01 18:26:06
4445100,FREEKINGSPARK,Kings Park Free Delivery,1,0.0,0.0,3.99,0,2022-01-01 18:26:12
4445108,USAVEAYR,Usave Ayr,1,0.0,0.0,5.0,0,2022-01-01 18:26:38
4445158,LUNDWOOD,Premier Lundwood Store Free Delivery,1,0.0,0.0,3.99,0,2022-01-01 18:30:18
4445229,FREEKINGSPARK,Kings Park Free Delivery,1,0.0,0.0,3.99,0,2022-01-01 18:35:43
4445234,AFBFREE,AFB Free Delivery - Above Â£10,1,0.0,0.0,3.0,0,2022-01-01 18:36:12
4445317,FREERHYDY,Rhyd Y Fro Post Office Free Delivery,1,0.0,0.0,3.0,0,2022-01-01 18:43:18
4445380,AFBFREE,AFB Free Delivery - Above Â£10,1,0.0,0.0,3.0,0,2022-01-01 18:47:28
4445390,ROWANFREE,First Delivery Free,1,0.0,0.0,2.0,0,2022-01-01 18:48:14
4445399,AFBFREE,AFB Free Delivery - Above Â£10,1,0.0,0.0,3.0,0,2022-01-01 18:48:49
4445401,AFBFREE,AFB Free Delivery - Above Â£10,1,0.0,0.0,3.0,0,2022-01-01 18:49:09
4445404,AFBFREE,AFB Free Delivery - Above Â£10,1,0.0,0.0,3.0,0,2022-01-01 18:49:27
4445454,NOW5,Â£5 off minimum Â£15 Excludes Alcohol & Tobacco ,0,5.0,0.0,5.0,0,2022-01-01 18:53:09
4445456,NOW5,Â£5 off minimum Â£15 Excludes Alcohol & Tobacco ,0,5.0,0.0,5.0,1,2022-01-01 18:53:25
4445459,NOW5,Â£5 off minimum Â£15 Excludes Alcohol & Tobacco ,0,5.0,0.0,5.0,0,2022-01-01 18:53:30
4445460,NOW5,Â£5 off minimum Â£15 Excludes Alcohol & Tobacco ,0,5.0,0.0,5.0,0,2022-01-01 18:53:47
4445464,NOW5,Â£5 off minimum Â£15 Excludes Alcohol & Tobacco ,0,5.0,0.0,5.0,0,2022-01-01 18:54:13
4445467,NOW5,Â£5 off minimum Â£15 Excludes Alcohol & Tobacco ,0,5.0,0.0,5.0,0,2022-01-01 18:54:30
4445470,NOW5,Â£5 off minimum Â£15 Excludes Alcohol & Tobacco ,0,5.0,0.0,5.0,0,2022-01-01 18:54:51
4445478,SHOTTSFREE,Free Delivery 1st Order,1,0.0,0.0,3.0,0,2022-01-01 18:55:12
4445485,FREEIRNBRU,Free 500ml Irn Bru bottle,1,0.0,0.0,3.0,0,2022-01-01 18:55:53
4445488,FREEFERRY,Premier Broughty Ferry Free Delivery,1,0.0,0.0,2.5,0,2022-01-01 18:56:02
4445498,NOW5,Â£5 off minimum Â£15 Excludes Alcohol & Tobacco ,0,5.0,0.0,5.0,0,2022-01-01 18:56:43
4445507,FREEIRNBRU,Free 500ml Irn Bru bottle,1,0.0,0.0,3.0,0,2022-01-01 18:57:35
4445519,GARETHFREE,Free Delivery For New Customers,1,0.0,0.0,3.0,0,2022-01-01 18:58:22
4445527,CAIRNHILL,Premier Cairnhill Free Delivery,1,0.0,0.0,5.0,0,2022-01-01 18:58:48
4445535,CAIRNHILL,Premier Cairnhill Free Delivery,1,0.0,0.0,5.0,0,2022-01-01 18:59:25
4445549,CAIRNHILL,Premier Cairnhill Free Delivery,1,0.0,0.0,5.0,0,2022-01-01 19:00:08
4445601,ENJOY5,Â£5 off on min spends of Â£15,0,5.0,0.0,5.0,0,2022-01-01 19:05:31
4445602,UNIONSTFREE,Free Delivery 1st Order,1,0.0,0.0,3.5,0,2022-01-01 19:05:31
4445614,AFBFREE,AFB Free Delivery - Above Â£10,1,0.0,0.0,3.0,0,2022-01-01 19:06:37
4445720,MOORES,Moores Off License & Store Free Delivery,1,0.0,0.0,3.0,0,2022-01-01 19:17:26
4445780,NOW5,Â£5 off minimum Â£15 Excludes Alcohol & Tobacco ,0,5.0,0.0,5.0,0,2022-01-01 19:24:11
4445812,HENDON,Hendon Stores Free Delivery,1,0.0,0.0,4.5,0,2022-01-01 19:26:24
4445826,HENDON,Hendon Stores Free Delivery,1,0.0,0.0,4.5,0,2022-01-01 19:27:14
4445838,NETHERGATE,Free Delivery PREMIER Nethergate,1,0.0,0.0,2.95,0,2022-01-01 19:27:52
4445975,FREEBEMB,Bembridge Free Delivery,1,0.0,0.0,2.5,1,2022-01-01 19:40:55
4445997,ATWAL,Atwal Convenience Store Annan Free Delivery,1,0.0,0.0,3.0,0,2022-01-01 19:43:01
4446451,CATHKINFREE,Free Delivery 1st Order,1,0.0,0.0,5.0,0,2022-01-01 20:39:56
4446453,CATHKINFREE,Free Delivery 1st Order,1,0.0,0.0,5.0,0,2022-01-01 20:40:09
4446455,STEVENSTONFREE,Free Delivery 1st Order,1,0.0,0.0,2.0,0,2022-01-01 20:40:16
4446456,CATHKINFREE,Free Delivery 1st Order,1,0.0,0.0,5.0,0,2022-01-01 20:40:21
4446484,CATHKINFREE,Free Delivery 1st Order,1,0.0,0.0,5.0,0,2022-01-01 20:44:41
4446617,SHOTTSFREE,Free Delivery 1st Order,1,0.0,0.0,3.0,0,2022-01-01 21:08:09
4446736,GARETHFREE,Free Delivery For New Customers,1,0.0,0.0,3.0,0,2022-01-01 21:43:34
4446770,AFBFREE,AFB Free Delivery - Above Â£10,1,0.0,0.0,3.0,0,2022-01-02 00:32:05
4446780,DELIVERYDISCOUNT,Free Delivery,1,0.0,0.0,3.0,0,2022-01-02 01:16:53
4446864,STEVENSTONFREE,Free Delivery 1st Order,1,0.0,0.0,2.0,0,2022-01-02 06:59:28
4446867,NOW5,Â£5 off minimum Â£15 Excludes Alcohol & Tobacco ,0,5.0,0.0,5.0,0,2022-01-02 07:04:31
4446873,DELIVERYDISCOUNT,Free Delivery,1,0.0,0.0,3.0,0,2022-01-02 07:14:35
4446916,NOW5,Â£5 off minimum Â£15 Excludes Alcohol & Tobacco ,0,5.0,0.0,5.0,0,2022-01-02 07:58:30
4446920,DELIVERYDISCOUNT,Free Delivery,1,0.0,0.0,3.0,0,2022-01-02 08:00:28
4446937,DELIVERYDISCOUNT,Free Delivery,1,0.0,0.0,3.0,0,2022-01-02 08:10:08
4446988,NOW5,Â£5 off minimum Â£15 Excludes Alcohol & Tobacco ,0,5.0,0.0,5.0,0,2022-01-02 08:31:12
4446987,AFBFREE,AFB Free Delivery - Above Â£10,1,0.0,0.0,3.0,0,2022-01-02 08:31:23
4446989,AFBFREE,AFB Free Delivery - Above Â£10,1,0.0,0.0,3.0,0,2022-01-02 08:31:24
4446990,AFBFREE,AFB Free Delivery - Above Â£10,1,0.0,0.0,3.0,0,2022-01-02 08:31:25
4447036,AFBFREE,AFB Free Delivery - Above Â£10,1,0.0,0.0,3.0,0,2022-01-02 08:42:51
4447049,AFBFREE,AFB Free Delivery - Above Â£10,1,0.0,0.0,3.0,0,2022-01-02 08:46:57
4447073,AFBFREE,AFB Free Delivery - Above Â£10,1,0.0,0.0,3.0,0,2022-01-02 08:52:52
4447084,AFBFREE,AFB Free Delivery - Above Â£10,1,0.0,0.0,3.0,0,2022-01-02 08:55:10
4447114,AFBFREE,AFB Free Delivery - Above Â£10,1,0.0,0.0,3.0,0,2022-01-02 08:59:15
4447141,AFBFREE,AFB Free Delivery - Above Â£10,1,0.0,0.0,3.0,0,2022-01-02 09:04:47
4447145,AFBFREE,AFB Free Delivery - Above Â£10,1,0.0,0.0,3.0,0,2022-01-02 09:05:49
4447198,DELIVERYDISCOUNT,Free Delivery,1,0.0,0.0,3.0,0,2022-01-02 09:15:32
4447206,DELIVERYDISCOUNT,Free Delivery,1,0.0,0.0,3.0,0,2022-01-02 09:17:06
4447209,DELIVERYDISCOUNT,Free Delivery,1,0.0,0.0,3.0,0,2022-01-02 09:17:34
4447218,DELIVERYDISCOUNT,Free Delivery,1,0.0,0.0,3.0,0,2022-01-02 09:18:34
4447232,AFBFREE,AFB Free Delivery - Above Â£10,1,0.0,0.0,3.0,0,2022-01-02 09:21:13
4447263,AFBFREE,AFB Free Delivery - Above Â£10,1,0.0,0.0,3.0,0,2022-01-02 09:25:35
4447285,AFBFREE,AFB Free Delivery - Above Â£10,1,0.0,0.0,3.0,0,2022-01-02 09:28:47
4447295,AFBFREE,AFB Free Delivery - Above Â£10,1,0.0,0.0,3.0,0,2022-01-02 09:30:26
4447321,AFBFREE,AFB Free Delivery - Above Â£10,1,0.0,0.0,3.0,0,2022-01-02 09:34:51
4447353,AFBFREE,AFB Free Delivery - Above Â£10,1,0.0,0.0,3.0,0,2022-01-02 09:39:12
4447357,AFBFREE,AFB Free Delivery - Above Â£10,1,0.0,0.0,3.0,0,2022-01-02 09:39:56
4447383,NOW5,Â£5 off minimum Â£15 Excludes Alcohol & Tobacco ,0,5.0,0.0,5.0,0,2022-01-02 09:44:20
4447396,NOW5,Â£5 off minimum Â£15 Excludes Alcohol & Tobacco ,0,5.0,0.0,5.0,0,2022-01-02 09:45:18
4447409,GET25,January Acquisition 25% off 2022,0,0.0,25.0,3.06,0,2022-01-02 09:46:29
4447454,FREEHURL,Best One Hurlford Free Delivery,1,0.0,0.0,3.0,0,2022-01-02 09:52:16
4447458,AFBFREE,AFB Free Delivery - Above Â£10,1,0.0,0.0,3.0,0,2022-01-02 09:53:14
4447462,AFBFREE,AFB Free Delivery - Above Â£10,1,0.0,0.0,3.0,0,2022-01-02 09:53:32
4447467,AFBFREE,AFB Free Delivery - Above Â£10,1,0.0,0.0,3.0,0,2022-01-02 09:54:01
4447479,AFBFREE,AFB Free Delivery - Above Â£10,1,0.0,0.0,3.0,0,2022-01-02 09:56:10
4447487,NOW5,Â£5 off minimum Â£15 Excludes Alcohol & Tobacco ,0,5.0,0.0,5.0,0,2022-01-02 09:56:53
4447529,DELIVERYDISCOUNT,Free Delivery,1,0.0,0.0,3.0,0,2022-01-02 10:00:54
4447546,AFBFREE,AFB Free Delivery - Above Â£10,1,0.0,0.0,3.0,0,2022-01-02 10:02:00
4447550,FESTIVE,Free Pepsi + Free Chocolate + Free Crisps,1,0.0,0.0,3.0,0,2022-01-02 10:02:16
4447561,DELIVERYDISCOUNT,Free Delivery,1,0.0,0.0,3.0,0,2022-01-02 10:03:20
4447578,AFBFREE,AFB Free Delivery - Above Â£10,1,0.0,0.0,3.0,0,2022-01-02 10:04:40
4447600,NOW5,Â£5 off minimum Â£15 Excludes Alcohol & Tobacco ,0,5.0,0.0,5.0,0,2022-01-02 10:07:01
4447613,AFBFREE,AFB Free Delivery - Above Â£10,1,0.0,0.0,3.0,0,2022-01-02 10:08:22
4447618,AFBFREE,AFB Free Delivery - Above Â£10,1,0.0,0.0,3.0,0,2022-01-02 10:08:56
4447642,NOW5,Â£5 off minimum Â£15 Excludes Alcohol & Tobacco ,0,5.0,0.0,5.0,0,2022-01-02 10:12:03
4447650,NOW5,Â£5 off minimum Â£15 Excludes Alcohol & Tobacco ,0,5.0,0.0,5.0,0,2022-01-02 10:12:35
4447664,NOW5,Â£5 off minimum Â£15 Excludes Alcohol & Tobacco ,0,5.0,0.0,5.0,0,2022-01-02 10:14:35
4447670,AFBFREE,AFB Free Delivery - Above Â£10,1,0.0,0.0,3.0,0,2022-01-02 10:15:16
4447679,DELIVERYDISCOUNT,Free Delivery,1,0.0,0.0,3.0,0,2022-01-02 10:15:42
4447681,NOW5,Â£5 off minimum Â£15 Excludes Alcohol & Tobacco ,0,5.0,0.0,5.0,0,2022-01-02 10:16:04
4447695,AFBFREE,AFB Free Delivery - Above Â£10,1,0.0,0.0,3.0,0,2022-01-02 10:16:58
4447715,NOW5,Â£5 off minimum Â£15 Excludes Alcohol & Tobacco ,0,5.0,0.0,5.0,0,2022-01-02 10:19:31
4447721,AFBFREE,AFB Free Delivery - Above Â£10,1,0.0,0.0,3.0,0,2022-01-02 10:20:28
4447723,AFBFREE,AFB Free Delivery - Above Â£10,1,0.0,0.0,3.0,0,2022-01-02 10:20:41
4447819,NOW5,Â£5 off minimum Â£15 Excludes Alcohol & Tobacco ,0,5.0,0.0,5.0,0,2022-01-02 10:29:45
4447867,AFBFREE,AFB Free Delivery - Above Â£10,1,0.0,0.0,3.0,0,2022-01-02 10:33:37
4447885,FREEHEMS,Premier Hemsworth Free Delivery ,1,0.0,0.0,0.99,0,2022-01-02 10:34:44
4447892,AFBFREE,AFB Free Delivery - Above Â£10,1,0.0,0.0,3.0,0,2022-01-02 10:35:36
4447893,AFBFREE,AFB Free Delivery - Above Â£10,1,0.0,0.0,3.0,0,2022-01-02 10:35:42
4447895,FREEIRNBRU,Free 500ml Irn Bru bottle,1,0.0,0.0,2.95,0,2022-01-02 10:35:52
4447922,FREEIRNBRU,Free 500ml Irn Bru bottle,1,0.0,0.0,3.0,0,2022-01-02 10:37:59
4447925,AFBFREE,AFB Free Delivery - Above Â£10,1,0.0,0.0,3.0,0,2022-01-02 10:38:06
4447928,AFBFREE,AFB Free Delivery - Above Â£10,1,0.0,0.0,3.0,0,2022-01-02 10:38:36
4447938,AFBFREE,AFB Free Delivery - Above Â£10,1,0.0,0.0,3.0,0,2022-01-02 10:39:21
4447949,AFBFREE,AFB Free Delivery - Above Â£10,1,0.0,0.0,3.0,0,2022-01-02 10:40:06
4447953,AFBFREE,AFB Free Delivery - Above Â£10,1,0.0,0.0,3.0,0,2022-01-02 10:40:21
4447993,DELIVERYDISCOUNT,Free Delivery,1,0.0,0.0,3.0,0,2022-01-02 10:43:38
4448022,FREEIRNBRU,Free 500ml Irn Bru bottle,1,0.0,0.0,3.0,0,2022-01-02 10:46:26
4448024,AFBFREE,AFB Free Delivery - Above Â£10,1,0.0,0.0,3.0,0,2022-01-02 10:46:37
4448028,FREEWOLDIN,One Stop Woldingham,1,0.0,0.0,3.0,0,2022-01-02 10:46:52
4448040,ALBANY,Premier Albany Store Free Delivery,1,0.0,0.0,3.0,0,2022-01-02 10:47:50
4448041,DELIVERYDISCOUNT,Free Delivery,1,0.0,0.0,3.0,0,2022-01-02 10:47:52
4448066,OLLIES,Ollie's Day Today Free Delivery,1,0.0,0.0,4.0,0,2022-01-02 10:50:06
4448067,NOW5,Â£5 off minimum Â£15 Excludes Alcohol & Tobacco ,0,5.0,0.0,5.0,0,2022-01-02 10:50:12
4448085,ALBANY,Premier Albany Store Free Delivery,1,0.0,0.0,3.0,0,2022-01-02 10:51:30
4448089,AFBFREE,AFB Free Delivery - Above Â£10,1,0.0,0.0,3.0,0,2022-01-02 10:51:48
4448094,NOW5,Â£5 off minimum Â£15 Excludes Alcohol & Tobacco ,0,5.0,0.0,5.0,0,2022-01-02 10:52:09
4448103,DELIVERYDISCOUNT,Free Delivery,1,0.0,0.0,3.0,0,2022-01-02 10:52:46
4448109,ALBANY,Premier Albany Store Free Delivery,1,0.0,0.0,3.0,1,2022-01-02 10:53:22
4448125,AFBFREE,AFB Free Delivery - Above Â£10,1,0.0,0.0,3.0,0,2022-01-02 10:55:34
4448131,AFBFREE,AFB Free Delivery - Above Â£10,1,0.0,0.0,3.0,0,2022-01-02 10:56:02
4448133,NOW5,Â£5 off minimum Â£15 Excludes Alcohol & Tobacco ,0,5.0,0.0,5.0,0,2022-01-02 10:56:06
4448154,RENFREWFREE,Free delivery,1,0.0,0.0,3.5,0,2022-01-02 10:57:43
4448176,DELIVERYDISCOUNT,Free Delivery,1,0.0,0.0,3.0,0,2022-01-02 11:00:02
4448203,FREEHAWICK,One Stop Hawick Free Delivery,1,0.0,0.0,3.0,0,2022-01-02 11:01:49
4448211,AFBFREE,AFB Free Delivery - Above Â£10,1,0.0,0.0,3.0,0,2022-01-02 11:02:31
4448250,AFBFREE,AFB Free Delivery - Above Â£10,1,0.0,0.0,3.0,0,2022-01-02 11:06:01
4448252,NOW5,Â£5 off minimum Â£15 Excludes Alcohol & Tobacco ,0,5.0,0.0,5.0,0,2022-01-02 11:06:17
4448259,AFBFREE,AFB Free Delivery - Above Â£10,1,0.0,0.0,3.0,0,2022-01-02 11:06:47
4448299,AFBFREE,AFB Free Delivery - Above Â£10,1,0.0,0.0,3.0,0,2022-01-02 11:10:17
4448307,AFBFREE,AFB Free Delivery - Above Â£10,1,0.0,0.0,3.0,0,2022-01-02 11:11:03
4448316,NOW5,Â£5 off minimum Â£15 Excludes Alcohol & Tobacco ,0,5.0,0.0,5.0,0,2022-01-02 11:11:39
4448334,AFBFREE,AFB Free Delivery - Above Â£10,1,0.0,0.0,3.0,0,2022-01-02 11:13:39
4448353,DELIVERYDISCOUNT,Free Delivery,1,0.0,0.0,3.0,0,2022-01-02 11:14:45
4448355,NOW5,Â£5 off minimum Â£15 Excludes Alcohol & Tobacco ,0,5.0,0.0,5.0,0,2022-01-02 11:15:12
4448382,FREERHYDY,Rhyd Y Fro Post Office Free Delivery,1,0.0,0.0,3.0,0,2022-01-02 11:17:05
4448392,CLEATOR,Nisa Local Cleator Moor Free Delivery 06052021,1,0.0,0.0,3.0,0,2022-01-02 11:17:45
4448395,AFBFREE,AFB Free Delivery - Above Â£10,1,0.0,0.0,3.0,0,2022-01-02 11:18:16
4448424,DELIVERYDISCOUNT,Free Delivery,1,0.0,0.0,3.0,0,2022-01-02 11:20:54
4448470,AFBFREE,AFB Free Delivery - Above Â£10,1,0.0,0.0,3.0,0,2022-01-02 11:24:44
4448475,AFBFREE,AFB Free Delivery - Above Â£10,1,0.0,0.0,3.0,1,2022-01-02 11:25:17
4448481,AFBFREE,AFB Free Delivery - Above Â£10,1,0.0,0.0,3.0,0,2022-01-02 11:25:56
4448483,AFBFREE,AFB Free Delivery - Above Â£10,1,0.0,0.0,3.0,0,2022-01-02 11:26:01
4448492,AFBFREE,AFB Free Delivery - Above Â£10,1,0.0,0.0,3.0,0,2022-01-02 11:26:29
4448501,AFBFREE,AFB Free Delivery - Above Â£10,1,0.0,0.0,3.0,0,2022-01-02 11:27:02
4448503,AFBFREE,AFB Free Delivery - Above Â£10,1,0.0,0.0,3.0,0,2022-01-02 11:27:10
4448530,NOW5,Â£5 off minimum Â£15 Excludes Alcohol & Tobacco ,0,5.0,0.0,5.0,0,2022-01-02 11:29:19
4448531,AFBFREE,AFB Free Delivery - Above Â£10,1,0.0,0.0,3.0,0,2022-01-02 11:29:21
4448537,AFBFREE,AFB Free Delivery - Above Â£10,1,0.0,0.0,3.0,0,2022-01-02 11:29:39
4448619,AFBFREE,AFB Free Delivery - Above Â£10,1,0.0,0.0,3.0,0,2022-01-02 11:35:31
4448625,AFBFREE,AFB Free Delivery - Above Â£10,1,0.0,0.0,3.0,0,2022-01-02 11:35:44
4448652,AFBFREE,AFB Free Delivery - Above Â£10,1,0.0,0.0,3.0,0,2022-01-02 11:37:17
4448653,AFBFREE,AFB Free Delivery - Above Â£10,1,0.0,0.0,3.0,0,2022-01-02 11:37:20
4448663,AFBFREE,AFB Free Delivery - Above Â£10,1,0.0,0.0,3.0,0,2022-01-02 11:38:21
4448678,AFBFREE,AFB Free Delivery - Above Â£10,1,0.0,0.0,3.0,0,2022-01-02 11:39:36
4448679,AFBFREE,AFB Free Delivery - Above Â£10,1,0.0,0.0,3.0,0,2022-01-02 11:39:46
4448718,AFBFREE,AFB Free Delivery - Above Â£10,1,0.0,0.0,3.0,0,2022-01-02 11:42:53
4448734,AFBFREE,AFB Free Delivery - Above Â£10,1,0.0,0.0,3.0,0,2022-01-02 11:43:51
4448746,NOW5,Â£5 off minimum Â£15 Excludes Alcohol & Tobacco ,0,5.0,0.0,5.0,0,2022-01-02 11:44:41
4448756,AFBFREE,AFB Free Delivery - Above Â£10,1,0.0,0.0,3.0,0,2022-01-02 11:45:27
4448797,TWEEDSTORES,Tweed Road/Wilderhaugh Stores - Galashiels Free Delivery,1,0.0,0.0,4.0,0,2022-01-02 11:48:12
4448807,AFBFREE,AFB Free Delivery - Above Â£10,1,0.0,0.0,3.0,0,2022-01-02 11:49:10
4448821,AFBFREE,AFB Free Delivery - Above Â£10,1,0.0,0.0,3.0,0,2022-01-02 11:50:01
4448844,AFBFREE,AFB Free Delivery - Above Â£10,1,0.0,0.0,3.0,0,2022-01-02 11:51:16
4448861,NOW5,Â£5 off minimum Â£15 Excludes Alcohol & Tobacco ,0,5.0,0.0,5.0,0,2022-01-02 11:52:43
4448865,MUIRPARK,Premier Store Muirpark,1,0.0,0.0,3.0,0,2022-01-02 11:52:55
4448887,NOWFREE,FREE DELIVERY ,1,0.0,0.0,0.0,0,2022-01-02 11:54:45
4448892,DELIVERYDISCOUNT,Free Delivery,1,0.0,0.0,3.0,0,2022-01-02 11:55:07
4448919,AFBFREE,AFB Free Delivery - Above Â£10,1,0.0,0.0,3.0,0,2022-01-02 11:57:33
4448927,AFBFREE,AFB Free Delivery - Above Â£10,1,0.0,0.0,3.0,0,2022-01-02 11:58:02
4448953,AFBFREE,AFB Free Delivery - Above Â£10,1,0.0,0.0,3.0,0,2022-01-02 11:59:54
4448959,AFBFREE,AFB Free Delivery - Above Â£10,1,0.0,0.0,3.0,0,2022-01-02 12:00:41
4449013,AFBFREE,AFB Free Delivery - Above Â£10,1,0.0,0.0,3.0,0,2022-01-02 12:03:29
4449027,AFBFREE,AFB Free Delivery - Above Â£10,1,0.0,0.0,3.0,0,2022-01-02 12:04:10
4449115,AFBFREE,AFB Free Delivery - Above Â£10,1,0.0,0.0,3.0,0,2022-01-02 12:10:12
4449122,AFBFREE,AFB Free Delivery - Above Â£10,1,0.0,0.0,3.0,0,2022-01-02 12:10:32
4449141,AFBFREE,AFB Free Delivery - Above Â£10,1,0.0,0.0,3.0,0,2022-01-02 12:11:59
4449144,AFBFREE,AFB Free Delivery - Above Â£10,1,0.0,0.0,3.0,0,2022-01-02 12:12:16
4449213,NOW5,Â£5 off minimum Â£15 Excludes Alcohol & Tobacco ,0,5.0,0.0,5.0,0,2022-01-02 12:17:49
4449242,FREEHEMS,Premier Hemsworth Free Delivery ,1,0.0,0.0,0.99,0,2022-01-02 12:19:30
4449244,NOW5,Â£5 off minimum Â£15 Excludes Alcohol & Tobacco ,0,5.0,0.0,5.0,0,2022-01-02 12:19:30
4449255,AFBFREE,AFB Free Delivery - Above Â£10,1,0.0,0.0,3.0,0,2022-01-02 12:20:03
4449279,SAVE25,25% off on min spends of Â£15,1,0.0,25.0,5.93,0,2022-01-02 12:21:20
4449284,SAVE25,25% off on min spends of Â£15,1,0.0,25.0,5.93,0,2022-01-02 12:21:31
4449324,NOW5,Â£5 off minimum Â£15 Excludes Alcohol & Tobacco ,0,5.0,0.0,5.0,0,2022-01-02 12:23:54
4449329,AFBFREE,AFB Free Delivery - Above Â£10,1,0.0,0.0,3.0,0,2022-01-02 12:24:09
4449330,AFBFREE,AFB Free Delivery - Above Â£10,1,0.0,0.0,3.0,0,2022-01-02 12:24:14
4449331,AFBFREE,AFB Free Delivery - Above Â£10,1,0.0,0.0,3.0,0,2022-01-02 12:24:16
4449339,XMAS,FREE DELIVERY ,1,0.0,0.0,0.85,0,2022-01-02 12:24:47
4449367,AFBFREE,AFB Free Delivery - Above Â£10,1,0.0,0.0,3.0,0,2022-01-02 12:26:07
4449383,NOW5,Â£5 off minimum Â£15 Excludes Alcohol & Tobacco ,0,5.0,0.0,5.0,0,2022-01-02 12:26:41
4449405,NOW5,Â£5 off minimum Â£15 Excludes Alcohol & Tobacco ,0,5.0,0.0,5.0,0,2022-01-02 12:28:17
4449424,NOW5,Â£5 off minimum Â£15 Excludes Alcohol & Tobacco ,0,5.0,0.0,5.0,0,2022-01-02 12:29:42
4449434,NOW5,Â£5 off minimum Â£15 Excludes Alcohol & Tobacco ,0,5.0,0.0,5.0,0,2022-01-02 12:30:08
4449457,AFBFREE,AFB Free Delivery - Above Â£10,1,0.0,0.0,3.0,0,2022-01-02 12:30:46
4449459,WHIFFLET,Day-Today Whifflet Free Delivery,1,0.0,0.0,3.0,0,2022-01-02 12:30:50
4449475,GET25,January Acquisition 25% off 2022,0,0.0,25.0,3.38,0,2022-01-02 12:32:03
4449504,AFBFREE,AFB Free Delivery - Above Â£10,1,0.0,0.0,3.0,0,2022-01-02 12:33:53
4449510,FREEHAWICK,One Stop Hawick Free Delivery,1,0.0,0.0,3.0,0,2022-01-02 12:34:18
4449567,AFBFREE,AFB Free Delivery - Above Â£10,1,0.0,0.0,3.0,0,2022-01-02 12:38:29
4449574,AFBFREE,AFB Free Delivery - Above Â£10,1,0.0,0.0,3.0,0,2022-01-02 12:38:41
4449591,AFBFREE,AFB Free Delivery - Above Â£10,1,0.0,0.0,3.0,0,2022-01-02 12:39:50
4449667,NOW5,Â£5 off minimum Â£15 Excludes Alcohol & Tobacco ,0,5.0,0.0,5.0,0,2022-01-02 12:43:53
4449688,NOW5,Â£5 off minimum Â£15 Excludes Alcohol & Tobacco ,0,5.0,0.0,5.0,0,2022-01-02 12:45:00
4449697,AFBFREE,AFB Free Delivery - Above Â£10,1,0.0,0.0,3.0,0,2022-01-02 12:45:25
4449708,NOW5,Â£5 off minimum Â£15 Excludes Alcohol & Tobacco ,0,5.0,0.0,5.0,0,2022-01-02 12:46:14
4449722,NOW5,Â£5 off minimum Â£15 Excludes Alcohol & Tobacco ,0,5.0,0.0,5.0,0,2022-01-02 12:47:01
4449731,NOW5,Â£5 off minimum Â£15 Excludes Alcohol & Tobacco ,0,5.0,0.0,5.0,0,2022-01-02 12:47:25
4449765,NOW5,Â£5 off minimum Â£15 Excludes Alcohol & Tobacco ,0,5.0,0.0,5.0,0,2022-01-02 12:49:54
4449776,NOVFIVE,Â£5 off with min spends of Â£15,1,5.0,0.0,8.0,0,2022-01-02 12:50:13
4449818,FDWXP04,Free delivery to CH495PA,1,0.0,0.0,2.0,0,2022-01-02 12:52:27
4449820,NOW5,Â£5 off minimum Â£15 Excludes Alcohol & Tobacco ,0,5.0,0.0,5.0,0,2022-01-02 12:52:43
4449842,AFBFREE,AFB Free Delivery - Above Â£10,1,0.0,0.0,3.0,0,2022-01-02 12:54:07
4449846,AFBFREE,AFB Free Delivery - Above Â£10,1,0.0,0.0,3.0,0,2022-01-02 12:54:19
4449851,FDDUCXE,Free delivery to CH497PB,1,0.0,0.0,2.0,0,2022-01-02 12:54:40
4449888,AFBFREE,AFB Free Delivery - Above Â£10,1,0.0,0.0,3.0,0,2022-01-02 12:56:47
4449890,AFBFREE,AFB Free Delivery - Above Â£10,1,0.0,0.0,3.0,0,2022-01-02 12:56:54
4449896,AFBFREE,AFB Free Delivery - Above Â£10,1,0.0,0.0,3.0,0,2022-01-02 12:57:05
4449900,NOW5,Â£5 off minimum Â£15 Excludes Alcohol & Tobacco ,0,5.0,0.0,5.0,1,2022-01-02 12:57:42
4449921,DELIVERYDISCOUNT,Free Delivery,1,0.0,0.0,3.0,0,2022-01-02 12:58:51
4449931,NOW5,Â£5 off minimum Â£15 Excludes Alcohol & Tobacco ,0,5.0,0.0,5.0,0,2022-01-02 12:59:12
4449961,FREEHURL,Best One Hurlford Free Delivery,1,0.0,0.0,3.0,0,2022-01-02 13:01:07
4449984,NOW5,Â£5 off minimum Â£15 Excludes Alcohol & Tobacco ,0,5.0,0.0,5.0,0,2022-01-02 13:02:40
4449990,AFBFREE,AFB Free Delivery - Above Â£10,1,0.0,0.0,3.0,0,2022-01-02 13:02:44
4449992,NOW5,Â£5 off minimum Â£15 Excludes Alcohol & Tobacco ,0,5.0,0.0,5.0,0,2022-01-02 13:02:52
4449999,NOW5,Â£5 off minimum Â£15 Excludes Alcohol & Tobacco ,0,5.0,0.0,5.0,0,2022-01-02 13:03:26
4450030,AFBFREE,AFB Free Delivery - Above Â£10,1,0.0,0.0,3.0,1,2022-01-02 13:05:13
4450034,AFBFREE,AFB Free Delivery - Above Â£10,1,0.0,0.0,3.0,0,2022-01-02 13:05:43
4450088,NOW5,Â£5 off minimum Â£15 Excludes Alcohol & Tobacco ,0,5.0,0.0,5.0,0,2022-01-02 13:08:29
4450091,FERGUSLIEFREE,Free Delivery 1st Order,1,0.0,0.0,3.0,0,2022-01-02 13:08:34
4450097,NOW5,Â£5 off minimum Â£15 Excludes Alcohol & Tobacco ,0,5.0,0.0,5.0,0,2022-01-02 13:08:59
4450114,FERGUSLIEFREE,Free Delivery 1st Order,1,0.0,0.0,3.0,0,2022-01-02 13:09:58
4450129,NOW5,Â£5 off minimum Â£15 Excludes Alcohol & Tobacco ,0,5.0,0.0,5.0,0,2022-01-02 13:10:55
4450135,NOW5,Â£5 off minimum Â£15 Excludes Alcohol & Tobacco ,0,5.0,0.0,5.0,0,2022-01-02 13:11:22
4450201,AFBFREE,AFB Free Delivery - Above Â£10,1,0.0,0.0,3.0,0,2022-01-02 13:15:22
4450225,AFBFREE,AFB Free Delivery - Above Â£10,1,0.0,0.0,3.0,0,2022-01-02 13:16:20
4450241,NOW5,Â£5 off minimum Â£15 Excludes Alcohol & Tobacco ,0,5.0,0.0,5.0,0,2022-01-02 13:17:05
4450265,NOW5,Â£5 off minimum Â£15 Excludes Alcohol & Tobacco ,0,5.0,0.0,5.0,0,2022-01-02 13:18:20
4450275,AFBFREE,AFB Free Delivery - Above Â£10,1,0.0,0.0,3.0,0,2022-01-02 13:18:46
4450279,NOW5,Â£5 off minimum Â£15 Excludes Alcohol & Tobacco ,0,5.0,0.0,5.0,0,2022-01-02 13:19:01
4450304,FREESTONEY,Free Delivery Stoneyburn,1,0.0,0.0,4.0,0,2022-01-02 13:20:04
4450306,NOW5,Â£5 off minimum Â£15 Excludes Alcohol & Tobacco ,0,5.0,0.0,5.0,0,2022-01-02 13:20:11
4450324,NOVFIVE,Â£5 off with min spends of Â£15,1,5.0,0.0,8.0,0,2022-01-02 13:21:05
4450327,DELIVERYDISCOUNT,Free Delivery,1,0.0,0.0,3.0,0,2022-01-02 13:21:11
4450357,NOW5,Â£5 off minimum Â£15 Excludes Alcohol & Tobacco ,0,5.0,0.0,5.0,0,2022-01-02 13:23:02
4450371,WALSH2,Compensation: Cancelled Order,0,3.0,0.0,3.0,0,2022-01-02 13:23:47
4450373,NOW5,Â£5 off minimum Â£15 Excludes Alcohol & Tobacco ,0,5.0,0.0,5.0,0,2022-01-02 13:23:52
4450385,STEVENSTONFREE,Free Delivery 1st Order,1,0.0,0.0,2.0,0,2022-01-02 13:24:33
4450418,AFBFREE,AFB Free Delivery - Above Â£10,1,0.0,0.0,3.0,0,2022-01-02 13:26:34
4450437,AFBFREE,AFB Free Delivery - Above Â£10,1,0.0,0.0,3.0,0,2022-01-02 13:27:45
4450439,FREESTONEY,Free Delivery Stoneyburn,1,0.0,0.0,3.5,0,2022-01-02 13:27:58
4450451,FREESTONEY,Free Delivery Stoneyburn,1,0.0,0.0,3.5,0,2022-01-02 13:28:31
4450452,FREEREDVALES,Redvales Free Delivery,1,0.0,0.0,3.0,0,2022-01-02 13:28:34
4450464,DELIVERYDISCOUNT,Free Delivery,1,0.0,0.0,3.0,0,2022-01-02 13:29:14
4450478,NOW5,Â£5 off minimum Â£15 Excludes Alcohol & Tobacco ,0,5.0,0.0,5.0,0,2022-01-02 13:30:12
4450507,AFBFREE,AFB Free Delivery - Above Â£10,1,0.0,0.0,3.0,0,2022-01-02 13:32:10
4450522,DELIVERYDISCOUNT,Free Delivery,1,0.0,0.0,3.0,0,2022-01-02 13:33:28
4450526,AFBFREE,AFB Free Delivery - Above Â£10,1,0.0,0.0,3.0,0,2022-01-02 13:33:48
4450566,DELIVERYDISCOUNT,Free Delivery,1,0.0,0.0,3.0,0,2022-01-02 13:35:37
4450582,DELIVERYDISCOUNT,Free Delivery,1,0.0,0.0,3.0,0,2022-01-02 13:36:23
4450589,DELIVERYDISCOUNT,Free Delivery,1,0.0,0.0,3.0,0,2022-01-02 13:36:52
4450590,AFBFREE,AFB Free Delivery - Above Â£10,1,0.0,0.0,3.0,0,2022-01-02 13:36:57
4450592,DELIVERYDISCOUNT,Free Delivery,1,0.0,0.0,3.0,0,2022-01-02 13:37:08
4450623,DELIVERYDISCOUNT,Free Delivery,1,0.0,0.0,3.0,0,2022-01-02 13:38:12
4450625,FREEHAWICK,One Stop Hawick Free Delivery,1,0.0,0.0,3.0,0,2022-01-02 13:38:28
4450640,AFBFREE,AFB Free Delivery - Above Â£10,1,0.0,0.0,3.0,0,2022-01-02 13:39:33
4450649,DELIVERYDISCOUNT,Free Delivery,1,0.0,0.0,3.0,0,2022-01-02 13:39:53
4450672,DELIVERYDISCOUNT,Free Delivery,1,0.0,0.0,3.0,0,2022-01-02 13:41:03
4450676,NOW5,Â£5 off minimum Â£15 Excludes Alcohol & Tobacco ,0,5.0,0.0,5.0,0,2022-01-02 13:41:17
4450686,NOVFIVE,Â£5 off with min spends of Â£15,1,5.0,0.0,8.0,0,2022-01-02 13:41:49
4450701,AFBFREE,AFB Free Delivery - Above Â£10,1,0.0,0.0,3.0,0,2022-01-02 13:42:39
4450708,DELIVERYDISCOUNT,Free Delivery,1,0.0,0.0,3.0,0,2022-01-02 13:42:58
4450727,AIRFREE,One Stop Airbles Free Delivery,1,0.0,0.0,3.0,0,2022-01-02 13:43:52
4450731,AFBFREE,AFB Free Delivery - Above Â£10,1,0.0,0.0,3.0,0,2022-01-02 13:44:05
4450734,AFBFREE,AFB Free Delivery - Above Â£10,1,0.0,0.0,3.0,0,2022-01-02 13:44:12
4450746,AIRFREE,One Stop Airbles Free Delivery,1,0.0,0.0,3.0,0,2022-01-02 13:44:29
4450760,DELIVERYDISCOUNT,Free Delivery,1,0.0,0.0,3.0,0,2022-01-02 13:45:21
4450766,AIRFREE,One Stop Airbles Free Delivery,1,0.0,0.0,3.0,0,2022-01-02 13:45:33
4450770,DELIVERYDISCOUNT,Free Delivery,1,0.0,0.0,3.0,0,2022-01-02 13:45:44
4450771,AFBFREE,AFB Free Delivery - Above Â£10,1,0.0,0.0,3.0,0,2022-01-02 13:45:44
4450789,ENJOY5,Â£5 off on min spends of Â£15,0,5.0,0.0,5.0,0,2022-01-02 13:46:19
4450808,AFBFREE,AFB Free Delivery - Above Â£10,1,0.0,0.0,3.0,0,2022-01-02 13:47:20
4450820,NOW5,Â£5 off minimum Â£15 Excludes Alcohol & Tobacco ,0,5.0,0.0,5.0,0,2022-01-02 13:48:04
4450830,AFBFREE,AFB Free Delivery - Above Â£10,1,0.0,0.0,3.0,0,2022-01-02 13:48:53
4450832,AIRFREE,One Stop Airbles Free Delivery,1,0.0,0.0,3.0,0,2022-01-02 13:49:00
4450848,AFBFREE,AFB Free Delivery - Above Â£10,1,0.0,0.0,3.0,0,2022-01-02 13:49:47
4450860,AFBFREE,AFB Free Delivery - Above Â£10,1,0.0,0.0,3.0,0,2022-01-02 13:50:31
4450864,AFBFREE,AFB Free Delivery - Above Â£10,1,0.0,0.0,3.0,0,2022-01-02 13:50:44
4450869,AFBFREE,AFB Free Delivery - Above Â£10,1,0.0,0.0,3.0,0,2022-01-02 13:51:03
4450882,FREESPIRES,Free Delivery The Spires,1,0.0,0.0,3.0,0,2022-01-02 13:51:37
4450884,DELIVERYDISCOUNT,Free Delivery,1,0.0,0.0,3.0,0,2022-01-02 13:51:46
4450887,AFBFREE,AFB Free Delivery - Above Â£10,1,0.0,0.0,3.0,0,2022-01-02 13:51:55
4450897,FREESPIRES,Free Delivery The Spires,1,0.0,0.0,3.0,0,2022-01-02 13:52:13
4450913,AFBFREE,AFB Free Delivery - Above Â£10,1,0.0,0.0,3.0,0,2022-01-02 13:53:09
4450949,DELIVERYDISCOUNT,Free Delivery,1,0.0,0.0,3.0,0,2022-01-02 13:55:10
4450974,DELIVERYDISCOUNT,Free Delivery,1,0.0,0.0,3.0,0,2022-01-02 13:56:47
4450986,NOW5,Â£5 off minimum Â£15 Excludes Alcohol & Tobacco ,0,5.0,0.0,5.0,0,2022-01-02 13:57:24
4450994,NOW5,Â£5 off minimum Â£15 Excludes Alcohol & Tobacco ,0,5.0,0.0,5.0,0,2022-01-02 13:57:42
4451027,AFBFREE,AFB Free Delivery - Above Â£10,1,0.0,0.0,3.0,0,2022-01-02 13:59:43
4451105,AFBFREE,AFB Free Delivery - Above Â£10,1,0.0,0.0,3.0,0,2022-01-02 14:03:41
4451117,AFBFREE,AFB Free Delivery - Above Â£10,1,0.0,0.0,3.0,0,2022-01-02 14:04:13
4451122,DELIVERYDISCOUNT,Free Delivery,1,0.0,0.0,3.0,0,2022-01-02 14:04:30
4451129,DELIVERYDISCOUNT,Free Delivery,1,0.0,0.0,3.0,0,2022-01-02 14:04:49
4451212,NOW5,Â£5 off minimum Â£15 Excludes Alcohol & Tobacco ,0,5.0,0.0,5.0,0,2022-01-02 14:09:01
4451222,AFBFREE,AFB Free Delivery - Above Â£10,1,0.0,0.0,3.0,0,2022-01-02 14:09:21
4451260,AFBFREE,AFB Free Delivery - Above Â£10,1,0.0,0.0,3.0,0,2022-01-02 14:11:28
4451270,AFBFREE,AFB Free Delivery - Above Â£10,1,0.0,0.0,3.0,0,2022-01-02 14:12:17
4451279,AFBFREE,AFB Free Delivery - Above Â£10,1,0.0,0.0,3.0,0,2022-01-02 14:12:40
4451308,AFBFREE,AFB Free Delivery - Above Â£10,1,0.0,0.0,3.0,0,2022-01-02 14:14:02
4451327,AFBFREE,AFB Free Delivery - Above Â£10,1,0.0,0.0,3.0,0,2022-01-02 14:15:11
4451334,NOW5,Â£5 off minimum Â£15 Excludes Alcohol & Tobacco ,0,5.0,0.0,5.0,0,2022-01-02 14:15:30
4451365,AFBFREE,AFB Free Delivery - Above Â£10,1,0.0,0.0,3.0,0,2022-01-02 14:17:35
4451370,AFBFREE,AFB Free Delivery - Above Â£10,1,0.0,0.0,3.0,0,2022-01-02 14:17:46
4451372,AFBFREE,AFB Free Delivery - Above Â£10,1,0.0,0.0,3.0,0,2022-01-02 14:17:59
4451379,AFBFREE,AFB Free Delivery - Above Â£10,1,0.0,0.0,3.0,0,2022-01-02 14:18:22
4451390,FREESTATRD,One Stop Station Rd LLanelli Free Delivery,1,0.0,0.0,3.0,0,2022-01-02 14:19:20
4451396,AFBFREE,AFB Free Delivery - Above Â£10,1,0.0,0.0,3.0,0,2022-01-02 14:19:42
4451403,AFBFREE,AFB Free Delivery - Above Â£10,1,0.0,0.0,3.0,0,2022-01-02 14:19:56
4451418,AFBFREE,AFB Free Delivery - Above Â£10,1,0.0,0.0,3.0,0,2022-01-02 14:20:39
4451430,FORFAR,Premier Forfar Free Delivery,1,0.0,0.0,3.0,0,2022-01-02 14:21:16
4451450,DELIVERYDISCOUNT,Free Delivery,1,0.0,0.0,3.0,0,2022-01-02 14:22:21
4451455,AFBFREE,AFB Free Delivery - Above Â£10,1,0.0,0.0,3.0,0,2022-01-02 14:22:39
4451466,FREESTATRD,One Stop Station Rd LLanelli Free Delivery,1,0.0,0.0,3.0,0,2022-01-02 14:23:20
4451475,SWANSIDE,Todays Extra Swanside Free Delivery,1,0.0,0.0,2.0,1,2022-01-02 14:23:43
4451485,FDF2021,First Delivery Free,1,0.0,0.0,3.99,0,2022-01-02 14:24:39
4451490,FREESTATRD,One Stop Station Rd LLanelli Free Delivery,1,0.0,0.0,3.0,0,2022-01-02 14:24:52
4451491,FREEGREENOCK,Nisa Local Greenock Free Delivery,1,0.0,0.0,5.0,0,2022-01-02 14:24:54
4451500,AFBFREE,AFB Free Delivery - Above Â£10,1,0.0,0.0,3.0,0,2022-01-02 14:25:19
4451517,NOW5,Â£5 off minimum Â£15 Excludes Alcohol & Tobacco ,0,5.0,0.0,5.0,0,2022-01-02 14:26:07
4451604,AFBFREE,AFB Free Delivery - Above Â£10,1,0.0,0.0,3.0,0,2022-01-02 14:30:55
4451607,MAGGIE,Spar Maggie Wood's Loan Free Delivery,1,0.0,0.0,3.0,0,2022-01-02 14:31:02
4451661,NOW5,Â£5 off minimum Â£15 Excludes Alcohol & Tobacco ,0,5.0,0.0,5.0,0,2022-01-02 14:33:37
4451674,AFBFREE,AFB Free Delivery - Above Â£10,1,0.0,0.0,3.0,0,2022-01-02 14:34:16
4451686,AFBFREE,AFB Free Delivery - Above Â£10,1,0.0,0.0,3.0,0,2022-01-02 14:34:44
4451687,WELCOME5,Â£5 off minimum Â£15 Excludes Alcohol & Tobacco ,0,5.0,0.0,5.0,0,2022-01-02 14:34:55
4451692,AFBFREE,AFB Free Delivery - Above Â£10,1,0.0,0.0,3.0,0,2022-01-02 14:35:05
4451707,AFBFREE,AFB Free Delivery - Above Â£10,1,0.0,0.0,3.0,0,2022-01-02 14:35:50
4451712,AFBFREE,AFB Free Delivery - Above Â£10,1,0.0,0.0,3.0,0,2022-01-02 14:36:04
4451718,GET25,January Acquisition 25% off 2022,0,0.0,25.0,3.54,0,2022-01-02 14:36:25
4451734,AFBFREE,AFB Free Delivery - Above Â£10,1,0.0,0.0,3.0,0,2022-01-02 14:37:13
4451741,NOW5,Â£5 off minimum Â£15 Excludes Alcohol & Tobacco ,0,5.0,0.0,5.0,0,2022-01-02 14:37:25
4451754,AFBFREE,AFB Free Delivery - Above Â£10,1,0.0,0.0,3.0,0,2022-01-02 14:37:49
4451781,AFBFREE,AFB Free Delivery - Above Â£10,1,0.0,0.0,3.0,0,2022-01-02 14:39:27
4451809,FREEGREENOCK,Nisa Local Greenock Free Delivery,1,0.0,0.0,3.0,0,2022-01-02 14:40:56
4451850,AFBFREE,AFB Free Delivery - Above Â£10,1,0.0,0.0,3.0,0,2022-01-02 14:43:05
4451859,NOW5,Â£5 off minimum Â£15 Excludes Alcohol & Tobacco ,0,5.0,0.0,5.0,0,2022-01-02 14:43:56
4451873,AFBFREE,AFB Free Delivery - Above Â£10,1,0.0,0.0,3.0,0,2022-01-02 14:44:39
4451893,AFBFREE,AFB Free Delivery - Above Â£10,1,0.0,0.0,3.0,0,2022-01-02 14:45:53
4451959,NOW5,Â£5 off minimum Â£15 Excludes Alcohol & Tobacco ,0,5.0,0.0,5.0,0,2022-01-02 14:49:07
4452058,CAIRNHILL,Premier Cairnhill Free Delivery,1,0.0,0.0,5.0,0,2022-01-02 14:54:35
4452082,AFBFREE,AFB Free Delivery - Above Â£10,1,0.0,0.0,3.0,0,2022-01-02 14:55:53
4452092,FREEHEMS,Premier Hemsworth Free Delivery ,1,0.0,0.0,0.99,0,2022-01-02 14:56:29
4452095,SIGHTHILL,Day Today Sighthill Free Delivery,1,0.0,0.0,3.0,0,2022-01-02 14:56:42
4452102,NOW5,Â£5 off minimum Â£15 Excludes Alcohol & Tobacco ,0,5.0,0.0,5.0,0,2022-01-02 14:56:54
4452110,BIRCHGROVEFREE,Free Delivery 1st Order,1,0.0,0.0,3.0,0,2022-01-02 14:57:15
4452116,ARMADALE,New Armadale Free Delivery 05/01/21,1,0.0,0.0,3.0,0,2022-01-02 14:57:46
4452137,FREEAYR,Free Delivery Lochside Ayr,1,0.0,0.0,3.0,0,2022-01-02 14:59:15
4452138,NOW5,Â£5 off minimum Â£15 Excludes Alcohol & Tobacco ,0,5.0,0.0,5.0,0,2022-01-02 14:59:22
4452144,ARMADALE,New Armadale Free Delivery 05/01/21,1,0.0,0.0,3.0,0,2022-01-02 14:59:41
4452146,AFBFREE,AFB Free Delivery - Above Â£10,1,0.0,0.0,3.0,0,2022-01-02 14:59:47
4452152,SPRINGFIELDS,Free Delivery ,1,0.0,0.0,3.5,0,2022-01-02 15:00:00
4452201,AFBFREE,AFB Free Delivery - Above Â£10,1,0.0,0.0,3.0,0,2022-01-02 15:02:17
4452248,AFBFREE,AFB Free Delivery - Above Â£10,1,0.0,0.0,3.0,0,2022-01-02 15:04:52
4452250,AFBFREE,AFB Free Delivery - Above Â£10,1,0.0,0.0,3.0,0,2022-01-02 15:04:54
4452255,AFBFREE,AFB Free Delivery - Above Â£10,1,0.0,0.0,3.0,0,2022-01-02 15:05:11
4452259,NOW5,Â£5 off minimum Â£15 Excludes Alcohol & Tobacco ,0,5.0,0.0,5.0,0,2022-01-02 15:05:32
4452279,AFBFREE,AFB Free Delivery - Above Â£10,1,0.0,0.0,3.0,0,2022-01-02 15:06:24
4452281,FREEPIT,Pitlochry Premier Free Delivery,1,0.0,0.0,2.0,0,2022-01-02 15:06:43
4452282,AFBFREE,AFB Free Delivery - Above Â£10,1,0.0,0.0,3.0,0,2022-01-02 15:06:44
4452311,AFBFREE,AFB Free Delivery - Above Â£10,1,0.0,0.0,3.0,0,2022-01-02 15:08:25
4452327,NOW5,Â£5 off minimum Â£15 Excludes Alcohol & Tobacco ,0,5.0,0.0,5.0,0,2022-01-02 15:09:08
4452341,NOW5,Â£5 off minimum Â£15 Excludes Alcohol & Tobacco ,0,5.0,0.0,5.0,0,2022-01-02 15:09:35
4452348,GARETHFREE,Free Delivery For New Customers,1,0.0,0.0,3.0,0,2022-01-02 15:10:02
4452385,SHOTTSFREE,Free Delivery 1st Order,1,0.0,0.0,3.0,0,2022-01-02 15:11:54
4452400,AFBFREE,AFB Free Delivery - Above Â£10,1,0.0,0.0,3.0,0,2022-01-02 15:12:41
4452426,AFBFREE,AFB Free Delivery - Above Â£10,1,0.0,0.0,3.0,0,2022-01-02 15:13:59
4452482,AFBFREE,AFB Free Delivery - Above Â£10,1,0.0,0.0,3.0,0,2022-01-02 15:16:59
4452492,AFBFREE,AFB Free Delivery - Above Â£10,1,0.0,0.0,3.0,0,2022-01-02 15:17:30
4452494,DELIVERYDISCOUNT,Free Delivery,1,0.0,0.0,3.0,0,2022-01-02 15:17:35
4452496,OLLIES,Ollie's Day Today Free Delivery,1,0.0,0.0,4.0,0,2022-01-02 15:17:43
4452497,AFBFREE,AFB Free Delivery - Above Â£10,1,0.0,0.0,3.0,0,2022-01-02 15:17:43
4452564,NOW5,Â£5 off minimum Â£15 Excludes Alcohol & Tobacco ,0,5.0,0.0,5.0,0,2022-01-02 15:21:26
4452588,AFBFREE,AFB Free Delivery - Above Â£10,1,0.0,0.0,3.0,0,2022-01-02 15:22:43
4452605,FREEHEMS,Premier Hemsworth Free Delivery ,1,0.0,0.0,1.99,0,2022-01-02 15:23:30
4452617,FREEHAWICK,One Stop Hawick Free Delivery,1,0.0,0.0,3.0,0,2022-01-02 15:24:07
4452671,MUIRPARK,Premier Store Muirpark,1,0.0,0.0,3.0,0,2022-01-02 15:26:58
4452676,AFBFREE,AFB Free Delivery - Above Â£10,1,0.0,0.0,3.0,0,2022-01-02 15:27:13
4452700,NOW5,Â£5 off minimum Â£15 Excludes Alcohol & Tobacco ,0,5.0,0.0,5.0,0,2022-01-02 15:28:52
4452703,AFBFREE,AFB Free Delivery - Above Â£10,1,0.0,0.0,3.0,0,2022-01-02 15:28:56
4452704,AFBFREE,AFB Free Delivery - Above Â£10,1,0.0,0.0,3.0,1,2022-01-02 15:28:59
4452729,AFBFREE,AFB Free Delivery - Above Â£10,1,0.0,0.0,3.0,0,2022-01-02 15:30:27
4452741,AFBFREE,AFB Free Delivery - Above Â£10,1,0.0,0.0,3.0,0,2022-01-02 15:31:11
4452755,FREECLAN,Nisa Clanfield Free Delivery Launch,1,0.0,0.0,3.0,0,2022-01-02 15:31:59
4452756,FREESOPHIES,Megasave Sofie's Nisa Free Delivery,1,0.0,0.0,2.0,0,2022-01-02 15:32:06
4452820,MUIRPARK,Premier Store Muirpark,1,0.0,0.0,3.0,0,2022-01-02 15:34:06
4452850,AFBFREE,AFB Free Delivery - Above Â£10,1,0.0,0.0,3.0,0,2022-01-02 15:35:32
4452871,FREEGREENOCK,Nisa Local Greenock Free Delivery,1,0.0,0.0,5.0,0,2022-01-02 15:36:42
4452874,AFBFREE,AFB Free Delivery - Above Â£10,1,0.0,0.0,3.0,0,2022-01-02 15:36:48
4452879,NOW5,Â£5 off minimum Â£15 Excludes Alcohol & Tobacco ,0,5.0,0.0,5.0,0,2022-01-02 15:37:14
4452880,DELIVERYDISCOUNT,Free Delivery,1,0.0,0.0,3.0,0,2022-01-02 15:37:20
4452887,AFBFREE,AFB Free Delivery - Above Â£10,1,0.0,0.0,3.0,0,2022-01-02 15:37:45
4452938,FREEGREENOCK,Nisa Local Greenock Free Delivery,1,0.0,0.0,5.0,0,2022-01-02 15:40:04
4452956,CONIS,Family Shopper Conisbrough Free Delivery,1,0.0,0.0,3.0,0,2022-01-02 15:40:50
4452962,AFBFREE,AFB Free Delivery - Above Â£10,1,0.0,0.0,3.0,0,2022-01-02 15:41:06
4452965,FESTIVE,Free Pepsi + Free Chocolate + Free Crisps,1,0.0,0.0,3.0,0,2022-01-02 15:41:18
4452976,FREEGREENOCK,Nisa Local Greenock Free Delivery,1,0.0,0.0,5.0,0,2022-01-02 15:41:42
4453010,FREEGREENOCK,Nisa Local Greenock Free Delivery,1,0.0,0.0,5.0,1,2022-01-02 15:43:30
4453014,AFBFREE,AFB Free Delivery - Above Â£10,1,0.0,0.0,3.0,0,2022-01-02 15:43:38
4453015,NOW5,Â£5 off minimum Â£15 Excludes Alcohol & Tobacco ,0,5.0,0.0,5.0,0,2022-01-02 15:43:41
4453077,GILMERTON,Gilmerton Grocers,1,0.0,0.0,3.0,0,2022-01-02 15:46:45
4453116,GET25,January Acquisition 25% off 2022,0,0.0,25.0,6.0,0,2022-01-02 15:48:07
4453114,NOW5,Â£5 off minimum Â£15 Excludes Alcohol & Tobacco ,0,5.0,0.0,5.0,0,2022-01-02 15:48:07
4453188,AFBFREE,AFB Free Delivery - Above Â£10,1,0.0,0.0,3.0,0,2022-01-02 15:53:18
4453252,TWITTER,Twitter Free Delivery,1,0.0,0.0,3.0,0,2022-01-02 15:56:58
4453269,FREESTONEY,Free Delivery Stoneyburn,1,0.0,0.0,3.0,0,2022-01-02 15:57:49
4453273,FREESTONEY,Free Delivery Stoneyburn,1,0.0,0.0,3.0,0,2022-01-02 15:58:08
4453283,FREESTONEY,Free Delivery Stoneyburn,1,0.0,0.0,3.0,0,2022-01-02 15:58:45
4453285,FREESTONEY,Free Delivery Stoneyburn,1,0.0,0.0,3.0,0,2022-01-02 15:58:56
4453290,FESTIVE,Free Pepsi + Free Chocolate + Free Crisps,1,0.0,0.0,3.0,0,2022-01-02 15:59:17
4453295,FREESTONEY,Free Delivery Stoneyburn,1,0.0,0.0,3.0,0,2022-01-02 15:59:32
4453302,AFBFREE,AFB Free Delivery - Above Â£10,1,0.0,0.0,3.0,0,2022-01-02 15:59:56
4453308,AFBFREE,AFB Free Delivery - Above Â£10,1,0.0,0.0,3.0,0,2022-01-02 16:00:35
4453318,AFBFREE,AFB Free Delivery - Above Â£10,1,0.0,0.0,3.0,0,2022-01-02 16:01:19
4453373,AFBFREE,AFB Free Delivery - Above Â£10,1,0.0,0.0,3.0,0,2022-01-02 16:03:39
4453444,AFBFREE,AFB Free Delivery - Above Â£10,1,0.0,0.0,3.0,0,2022-01-02 16:08:20
4453501,NOW5,Â£5 off minimum Â£15 Excludes Alcohol & Tobacco ,0,5.0,0.0,5.0,0,2022-01-02 16:11:10
4453502,AFBFREE,AFB Free Delivery - Above Â£10,1,0.0,0.0,3.0,0,2022-01-02 16:11:12
4453510,FEATHERSTONE,Nisa Featherstone Free Delivery,1,0.0,0.0,3.0,0,2022-01-02 16:11:39
4453513,AFBFREE,AFB Free Delivery - Above Â£10,1,0.0,0.0,3.0,0,2022-01-02 16:11:56
4453516,FEATHERSTONE,Nisa Featherstone Free Delivery,1,0.0,0.0,3.0,0,2022-01-02 16:12:02
4453520,FEATHERSTONE,Nisa Featherstone Free Delivery,1,0.0,0.0,3.0,0,2022-01-02 16:12:09
4453525,FEATHERSTONE,Nisa Featherstone Free Delivery,1,0.0,0.0,3.0,0,2022-01-02 16:12:19
4453533,FEATHERSTONE,Nisa Featherstone Free Delivery,1,0.0,0.0,3.0,0,2022-01-02 16:12:49
4453535,FEATHERSTONE,Nisa Featherstone Free Delivery,1,0.0,0.0,3.0,0,2022-01-02 16:12:55
4453556,AFBFREE,AFB Free Delivery - Above Â£10,1,0.0,0.0,3.0,0,2022-01-02 16:14:08
4453577,FREESTONEY,Free Delivery Stoneyburn,1,0.0,0.0,3.0,0,2022-01-02 16:15:24
4453602,FREESTONEY,Free Delivery Stoneyburn,1,0.0,0.0,3.0,0,2022-01-02 16:16:54
4453641,AFBFREE,AFB Free Delivery - Above Â£10,1,0.0,0.0,3.0,0,2022-01-02 16:19:00
4453666,AFBFREE,AFB Free Delivery - Above Â£10,1,0.0,0.0,3.0,0,2022-01-02 16:20:40
4453679,AFBFREE,AFB Free Delivery - Above Â£10,1,0.0,0.0,3.0,0,2022-01-02 16:21:14
4453713,AFBFREE,AFB Free Delivery - Above Â£10,1,0.0,0.0,3.0,0,2022-01-02 16:23:03
4453730,AFBFREE,AFB Free Delivery - Above Â£10,1,0.0,0.0,3.0,0,2022-01-02 16:24:24
4453754,AFBFREE,AFB Free Delivery - Above Â£10,1,0.0,0.0,3.0,0,2022-01-02 16:26:03
4453825,PREMPARTICK,Premier Partick Free Delivery,1,0.0,0.0,3.0,0,2022-01-02 16:29:33
4453844,AFBFREE,AFB Free Delivery - Above Â£10,1,0.0,0.0,3.0,0,2022-01-02 16:30:38
4453908,AFBFREE,AFB Free Delivery - Above Â£10,1,0.0,0.0,3.0,0,2022-01-02 16:34:11
4453919,FREELANGTOUN,Usave Kirkcaldy Free Delivery,1,0.0,0.0,3.5,0,2022-01-02 16:34:46
4453954,AFBFREE,AFB Free Delivery - Above Â£10,1,0.0,0.0,3.0,0,2022-01-02 16:36:05
4453967,AFBFREE,AFB Free Delivery - Above Â£10,1,0.0,0.0,3.0,0,2022-01-02 16:36:59
4453975,AFBFREE,AFB Free Delivery - Above Â£10,1,0.0,0.0,3.0,0,2022-01-02 16:37:49
4453984,AFBFREE,AFB Free Delivery - Above Â£10,1,0.0,0.0,3.0,0,2022-01-02 16:38:25
4453996,AFBFREE,AFB Free Delivery - Above Â£10,1,0.0,0.0,3.0,0,2022-01-02 16:38:58
4454020,AFBFREE,AFB Free Delivery - Above Â£10,1,0.0,0.0,3.0,0,2022-01-02 16:40:16
4454021,AFBFREE,AFB Free Delivery - Above Â£10,1,0.0,0.0,3.0,0,2022-01-02 16:40:21
4454030,AFBFREE,AFB Free Delivery - Above Â£10,1,0.0,0.0,3.0,0,2022-01-02 16:40:38
4454065,NOW5,Â£5 off minimum Â£15 Excludes Alcohol & Tobacco ,0,5.0,0.0,5.0,1,2022-01-02 16:42:25
4454082,AFBFREE,AFB Free Delivery - Above Â£10,1,0.0,0.0,3.0,0,2022-01-02 16:43:43
4454130,AFBFREE,AFB Free Delivery - Above Â£10,1,0.0,0.0,3.0,0,2022-01-02 16:46:18
4454229,AFBFREE,AFB Free Delivery - Above Â£10,1,0.0,0.0,3.0,0,2022-01-02 16:51:10
4454245,NOW5,Â£5 off minimum Â£15 Excludes Alcohol & Tobacco ,0,5.0,0.0,5.0,0,2022-01-02 16:52:16
4454247,AFBFREE,AFB Free Delivery - Above Â£10,1,0.0,0.0,3.0,0,2022-01-02 16:52:21
4454262,AFBFREE,AFB Free Delivery - Above Â£10,1,0.0,0.0,3.0,0,2022-01-02 16:53:17
4454279,SPRINGFIELDS,Free Delivery ,1,0.0,0.0,3.5,0,2022-01-02 16:54:11
4454289,AFBFREE,AFB Free Delivery - Above Â£10,1,0.0,0.0,3.0,0,2022-01-02 16:54:58
4454298,AFBFREE,AFB Free Delivery - Above Â£10,1,0.0,0.0,3.0,0,2022-01-02 16:55:34
4454325,NOW5,Â£5 off minimum Â£15 Excludes Alcohol & Tobacco ,0,5.0,0.0,5.0,0,2022-01-02 16:56:51
4454330,CAIRNHILL,Premier Cairnhill Free Delivery,1,0.0,0.0,5.0,0,2022-01-02 16:57:05
4454345,BISHOPMILL,Bishopmill Service Station Free Delivery,1,0.0,0.0,2.0,0,2022-01-02 16:57:55
4454422,AFBFREE,AFB Free Delivery - Above Â£10,1,0.0,0.0,3.0,0,2022-01-02 17:02:52
4454429,AFBFREE,AFB Free Delivery - Above Â£10,1,0.0,0.0,3.0,0,2022-01-02 17:03:15
4454436,FREEHEMS,Premier Hemsworth Free Delivery ,1,0.0,0.0,2.49,0,2022-01-02 17:03:27
4454445,DELIVERYDISCOUNT,Free Delivery,1,0.0,0.0,3.0,0,2022-01-02 17:03:56
4454460,AFBFREE,AFB Free Delivery - Above Â£10,1,0.0,0.0,3.0,1,2022-01-02 17:04:38
4454466,AFBFREE,AFB Free Delivery - Above Â£10,1,0.0,0.0,3.0,0,2022-01-02 17:04:58
4454477,HENDON,Hendon Stores Free Delivery,1,0.0,0.0,2.0,0,2022-01-02 17:05:40
4454516,AFBFREE,AFB Free Delivery - Above Â£10,1,0.0,0.0,3.0,0,2022-01-02 17:08:07
4454546,AFBFREE,AFB Free Delivery - Above Â£10,1,0.0,0.0,3.0,0,2022-01-02 17:09:38
4454593,AFBFREE,AFB Free Delivery - Above Â£10,1,0.0,0.0,3.0,1,2022-01-02 17:12:22
4454659,ATWAL,Atwal Convenience Store Annan Free Delivery,1,0.0,0.0,3.0,0,2022-01-02 17:15:39
4454785,AFBFREE,AFB Free Delivery - Above Â£10,1,0.0,0.0,3.0,0,2022-01-02 17:22:07
4454791,FREEBEMB,Bembridge Free Delivery,1,0.0,0.0,1.5,0,2022-01-02 17:22:37
4454810,FREEBEMB,Bembridge Free Delivery,1,0.0,0.0,1.5,0,2022-01-02 17:24:03
4454835,NOW5,Â£5 off minimum Â£15 Excludes Alcohol & Tobacco ,0,5.0,0.0,5.0,0,2022-01-02 17:25:07
4454853,NOW5,Â£5 off minimum Â£15 Excludes Alcohol & Tobacco ,0,5.0,0.0,5.0,0,2022-01-02 17:26:15
4454860,FREEBEMB,Bembridge Free Delivery,1,0.0,0.0,1.5,0,2022-01-02 17:26:30
4454864,FREEBEMB,Bembridge Free Delivery,1,0.0,0.0,1.5,0,2022-01-02 17:26:38
4454873,FREEBEMB,Bembridge Free Delivery,1,0.0,0.0,1.5,0,2022-01-02 17:27:12
4454897,FESTIVE,Free Pepsi + Free Chocolate + Free Crisps,1,0.0,0.0,3.0,0,2022-01-02 17:28:24
4454900,AFBFREE,AFB Free Delivery - Above Â£10,1,0.0,0.0,3.0,0,2022-01-02 17:28:31
4454926,NOW5,Â£5 off minimum Â£15 Excludes Alcohol & Tobacco ,0,5.0,0.0,5.0,0,2022-01-02 17:29:47
4454984,FREEBEMB,Bembridge Free Delivery,1,0.0,0.0,1.5,0,2022-01-02 17:33:59
4454995,NOW5,Â£5 off minimum Â£15 Excludes Alcohol & Tobacco ,0,5.0,0.0,5.0,0,2022-01-02 17:34:46
4455000,NOW5,Â£5 off minimum Â£15 Excludes Alcohol & Tobacco ,0,5.0,0.0,5.0,0,2022-01-02 17:34:59
4455009,NOW5,Â£5 off minimum Â£15 Excludes Alcohol & Tobacco ,0,5.0,0.0,5.0,0,2022-01-02 17:35:30
4455028,AFBFREE,AFB Free Delivery - Above Â£10,1,0.0,0.0,3.0,0,2022-01-02 17:36:41
4455043,SIGHTHILL,Day Today Sighthill Free Delivery,1,0.0,0.0,3.0,0,2022-01-02 17:37:32
4455051,SIGHTHILL,Day Today Sighthill Free Delivery,1,0.0,0.0,3.0,0,2022-01-02 17:38:00
4455105,AFBFREE,AFB Free Delivery - Above Â£10,1,0.0,0.0,3.0,0,2022-01-02 17:41:37
4455118,AFBFREE,AFB Free Delivery - Above Â£10,1,0.0,0.0,3.0,0,2022-01-02 17:42:30
4455119,NOW5,Â£5 off minimum Â£15 Excludes Alcohol & Tobacco ,0,5.0,0.0,5.0,0,2022-01-02 17:42:31
4455141,DELIVERYDISCOUNT,Free Delivery,1,0.0,0.0,3.0,0,2022-01-02 17:43:39
4455164,AFBFREE,AFB Free Delivery - Above Â£10,1,0.0,0.0,3.0,0,2022-01-02 17:45:50
4455167,GILMERTON,Gilmerton Grocers,1,0.0,0.0,3.0,0,2022-01-02 17:46:13
4455194,FREEIRNBRU,Free 500ml Irn Bru bottle,1,0.0,0.0,2.95,0,2022-01-02 17:48:03
4455203,AFBFREE,AFB Free Delivery - Above Â£10,1,0.0,0.0,3.0,0,2022-01-02 17:49:04
4455225,NOW5,Â£5 off minimum Â£15 Excludes Alcohol & Tobacco ,0,5.0,0.0,5.0,0,2022-01-02 17:50:51
4455228,AFBFREE,AFB Free Delivery - Above Â£10,1,0.0,0.0,3.0,0,2022-01-02 17:51:01
4455259,AFBFREE,AFB Free Delivery - Above Â£10,1,0.0,0.0,3.0,0,2022-01-02 17:52:58
4455275,H&JODIES,Free Delivery Over Â£10 H & Jodies,1,0.0,0.0,2.5,0,2022-01-02 17:54:20
4455281,AFBFREE,AFB Free Delivery - Above Â£10,1,0.0,0.0,3.0,0,2022-01-02 17:54:40
4455282,AFBFREE,AFB Free Delivery - Above Â£10,1,0.0,0.0,3.0,0,2022-01-02 17:54:44
4455311,AFBFREE,AFB Free Delivery - Above Â£10,1,0.0,0.0,3.0,0,2022-01-02 17:56:21
4455471,AFBFREE,AFB Free Delivery - Above Â£10,1,0.0,0.0,3.0,0,2022-01-02 18:06:37
4455474,FREEHAWICK,One Stop Hawick Free Delivery,1,0.0,0.0,3.0,0,2022-01-02 18:06:43
4455488,FREEIRNBRU,Free 500ml Irn Bru bottle,1,0.0,0.0,2.95,0,2022-01-02 18:07:22
4455491,AFBFREE,AFB Free Delivery - Above Â£10,1,0.0,0.0,3.0,0,2022-01-02 18:07:31
4455510,AFBFREE,AFB Free Delivery - Above Â£10,1,0.0,0.0,3.0,0,2022-01-02 18:08:43
4455516,AFBFREE,AFB Free Delivery - Above Â£10,1,0.0,0.0,3.0,0,2022-01-02 18:08:57
4455522,AFBFREE,AFB Free Delivery - Above Â£10,1,0.0,0.0,3.0,0,2022-01-02 18:09:22
4455581,AFBFREE,AFB Free Delivery - Above Â£10,1,0.0,0.0,3.0,0,2022-01-02 18:12:54
4455599,NOW5,Â£5 off minimum Â£15 Excludes Alcohol & Tobacco ,0,5.0,0.0,5.0,0,2022-01-02 18:14:24
4455617,AFBFREE,AFB Free Delivery - Above Â£10,1,0.0,0.0,3.0,0,2022-01-02 18:15:39
4455677,NOW5,Â£5 off minimum Â£15 Excludes Alcohol & Tobacco ,0,5.0,0.0,5.0,0,2022-01-02 18:19:01
4455680,DELIVERYDISCOUNT,Free Delivery,1,0.0,0.0,3.0,0,2022-01-02 18:19:09
4455798,NOW5,Â£5 off minimum Â£15 Excludes Alcohol & Tobacco ,0,5.0,0.0,5.0,0,2022-01-02 18:27:43
4455807,GARETHFREE,Free Delivery For New Customers,1,0.0,0.0,3.0,0,2022-01-02 18:28:14
4455814,GARETHFREE,Free Delivery For New Customers,1,0.0,0.0,3.0,0,2022-01-02 18:28:36
4455816,NOW5,Â£5 off minimum Â£15 Excludes Alcohol & Tobacco ,0,5.0,0.0,5.0,0,2022-01-02 18:28:54
4455830,NOW5,Â£5 off minimum Â£15 Excludes Alcohol & Tobacco ,0,5.0,0.0,5.0,0,2022-01-02 18:30:15
4455884,AFBFREE,AFB Free Delivery - Above Â£10,1,0.0,0.0,3.0,0,2022-01-02 18:33:05
4455899,DELIVERYDISCOUNT,Free Delivery,1,0.0,0.0,3.0,1,2022-01-02 18:33:41
4455925,WELCOME5,Â£5 off minimum Â£15 Excludes Alcohol & Tobacco ,0,5.0,0.0,5.0,0,2022-01-02 18:35:30
4455929,AFBFREE,AFB Free Delivery - Above Â£10,1,0.0,0.0,3.0,0,2022-01-02 18:35:46
4455964,AFBFREE,AFB Free Delivery - Above Â£10,1,0.0,0.0,3.0,0,2022-01-02 18:38:04
4455969,DELIVERYDISCOUNT,Free Delivery,1,0.0,0.0,3.0,0,2022-01-02 18:38:48
4455980,ARMADALE,New Armadale Free Delivery 05/01/21,1,0.0,0.0,3.0,0,2022-01-02 18:39:51
4456017,NOW5,Â£5 off minimum Â£15 Excludes Alcohol & Tobacco ,0,5.0,0.0,5.0,0,2022-01-02 18:41:36
4456041,CRONDALL,Free Delivery,1,0.0,0.0,3.0,1,2022-01-02 18:43:20
4456077,AFBFREE,AFB Free Delivery - Above Â£10,1,0.0,0.0,3.0,0,2022-01-02 18:45:46
4456123,NOW5,Â£5 off minimum Â£15 Excludes Alcohol & Tobacco ,0,5.0,0.0,5.0,0,2022-01-02 18:49:10
4456162,AFBFREE,AFB Free Delivery - Above Â£10,1,0.0,0.0,3.0,0,2022-01-02 18:52:14
4456167,BISHOPMILL,Bishopmill Service Station Free Delivery,1,0.0,0.0,2.0,0,2022-01-02 18:52:37
4456175,AFBFREE,AFB Free Delivery - Above Â£10,1,0.0,0.0,3.0,0,2022-01-02 18:53:21
4456194,NOW5,Â£5 off minimum Â£15 Excludes Alcohol & Tobacco ,0,5.0,0.0,5.0,0,2022-01-02 18:54:13
4456207,AFBFREE,AFB Free Delivery - Above Â£10,1,0.0,0.0,3.0,0,2022-01-02 18:54:51
4456215,AFBFREE,AFB Free Delivery - Above Â£10,1,0.0,0.0,3.0,0,2022-01-02 18:55:22
4456226,AFBFREE,AFB Free Delivery - Above Â£10,1,0.0,0.0,3.0,0,2022-01-02 18:56:11
4456239,AFBFREE,AFB Free Delivery - Above Â£10,1,0.0,0.0,3.0,0,2022-01-02 18:57:12
4456274,NOW5,Â£5 off minimum Â£15 Excludes Alcohol & Tobacco ,0,5.0,0.0,5.0,0,2022-01-02 18:59:56
4456325,NOW5,Â£5 off minimum Â£15 Excludes Alcohol & Tobacco ,0,5.0,0.0,5.0,0,2022-01-02 19:04:36
4456424,HAYTON,Nisa Local Hayton Road Free Delivery,1,0.0,0.0,4.0,0,2022-01-02 19:14:57
4456434,WHIFFLET,Day-Today Whifflet Free Delivery,1,0.0,0.0,3.0,0,2022-01-02 19:15:50
4456441,HAYTON,Nisa Local Hayton Road Free Delivery,1,0.0,0.0,4.0,0,2022-01-02 19:16:30
4456450,HAYTON,Nisa Local Hayton Road Free Delivery,1,0.0,0.0,4.0,0,2022-01-02 19:17:20
4456583,NOW5,Â£5 off minimum Â£15 Excludes Alcohol & Tobacco ,0,5.0,0.0,5.0,0,2022-01-02 19:29:07
4456589,NOW5,Â£5 off minimum Â£15 Excludes Alcohol & Tobacco ,0,5.0,0.0,5.0,0,2022-01-02 19:29:33
4456613,NOW5,Â£5 off minimum Â£15 Excludes Alcohol & Tobacco ,0,5.0,0.0,5.0,0,2022-01-02 19:31:29
4456672,STEVENSTONFREE,Free Delivery 1st Order,1,0.0,0.0,2.0,0,2022-01-02 19:36:51
4456691,NOW5,Â£5 off minimum Â£15 Excludes Alcohol & Tobacco ,0,5.0,0.0,5.0,0,2022-01-02 19:38:16
4456725,NOW5,Â£5 off minimum Â£15 Excludes Alcohol & Tobacco ,0,5.0,0.0,5.0,0,2022-01-02 19:40:57
4456767,AIRFREE,One Stop Airbles Free Delivery,1,0.0,0.0,3.0,0,2022-01-02 19:44:17
4456768,AIRFREE,One Stop Airbles Free Delivery,1,0.0,0.0,3.0,0,2022-01-02 19:44:30
4456776,AIRFREE,One Stop Airbles Free Delivery,1,0.0,0.0,3.0,0,2022-01-02 19:45:02
4456834,USAVEAYR,Usave Ayr,1,0.0,0.0,3.0,0,2022-01-02 19:51:29
4456856,USAVEAYR,Usave Ayr,1,0.0,0.0,3.0,0,2022-01-02 19:52:28
4456860,FESTIVE,Free Pepsi + Free Chocolate + Free Crisps,1,0.0,0.0,3.0,0,2022-01-02 19:52:52
4456876,FESTIVE,Free Pepsi + Free Chocolate + Free Crisps,1,0.0,0.0,3.0,1,2022-01-02 19:54:09
4456923,NOW5,Â£5 off minimum Â£15 Excludes Alcohol & Tobacco ,0,5.0,0.0,5.0,0,2022-01-02 19:59:00
4457111,NOW5,Â£5 off minimum Â£15 Excludes Alcohol & Tobacco ,0,5.0,0.0,5.0,0,2022-01-02 20:20:26
4457114,NOW5,Â£5 off minimum Â£15 Excludes Alcohol & Tobacco ,0,5.0,0.0,5.0,0,2022-01-02 20:20:35
4457115,NOW5,Â£5 off minimum Â£15 Excludes Alcohol & Tobacco ,0,5.0,0.0,5.0,0,2022-01-02 20:20:39
4457144,HENDON,Hendon Stores Free Delivery,1,0.0,0.0,2.0,0,2022-01-02 20:23:28
4457146,NOW5,Â£5 off minimum Â£15 Excludes Alcohol & Tobacco ,0,5.0,0.0,5.0,0,2022-01-02 20:23:34
4457151,HENDON,Hendon Stores Free Delivery,1,0.0,0.0,2.0,0,2022-01-02 20:24:01
4457157,HENDON,Hendon Stores Free Delivery,1,0.0,0.0,2.0,0,2022-01-02 20:24:22
4457158,HENDON,Hendon Stores Free Delivery,1,0.0,0.0,2.0,0,2022-01-02 20:24:25
4457189,NOW5,Â£5 off minimum Â£15 Excludes Alcohol & Tobacco ,0,5.0,0.0,5.0,1,2022-01-02 20:27:54
4457204,FREEFERRY,Premier Broughty Ferry Free Delivery,1,0.0,0.0,2.5,0,2022-01-02 20:30:15
4457210,WISHAW,Keystore Wishaw Free Delivery,1,0.0,0.0,3.0,0,2022-01-02 20:31:02
4457222,FREEFERRY,Premier Broughty Ferry Free Delivery,1,0.0,0.0,2.5,0,2022-01-02 20:32:23
4457315,AVISFIVE,Nisa Nitshill AVISFIVE,0,5.0,0.0,5.0,0,2022-01-02 20:44:02
4457409,WOODLANDS,Premier Woodlands Free Delivery,1,0.0,0.0,3.0,0,2022-01-02 20:57:33
4457412,SHOTTSFREE,Free Delivery 1st Order,1,0.0,0.0,3.0,0,2022-01-02 20:57:59
4457437,STEVENSTONFREE,Free Delivery 1st Order,1,0.0,0.0,2.0,0,2022-01-02 21:02:50
4457454,STEVENSTONFREE,Free Delivery 1st Order,1,0.0,0.0,2.0,0,2022-01-02 21:05:44
4457529,FREEIRNBRU,Free 500ml Irn Bru bottle,1,0.0,0.0,2.95,0,2022-01-02 21:18:34
4457651,BOOZEMASTERFREE,Free Delivery 1st Order,1,0.0,0.0,5.0,0,2022-01-02 22:30:50
4457686,NOW5,Â£5 off minimum Â£15 Excludes Alcohol & Tobacco ,0,5.0,0.0,5.0,0,2022-01-03 03:04:24
4457690,NOW5,Â£5 off minimum Â£15 Excludes Alcohol & Tobacco ,0,5.0,0.0,5.0,0,2022-01-03 03:23:12
4457699,NOW5,Â£5 off minimum Â£15 Excludes Alcohol & Tobacco ,0,5.0,0.0,5.0,0,2022-01-03 04:24:29
4457722,DELIVERYDISCOUNT,Free Delivery,1,0.0,0.0,3.0,0,2022-01-03 05:52:55
4457736,DELIVERYDISCOUNT,Free Delivery,1,0.0,0.0,3.0,0,2022-01-03 06:29:13
4457797,FREEHAWICK,One Stop Hawick Free Delivery,1,0.0,0.0,3.0,0,2022-01-03 07:57:27
4457802,FREEIRNBRU,Free 500ml Irn Bru bottle,1,0.0,0.0,2.95,0,2022-01-03 08:03:38
4457865,NOW5,Â£5 off minimum Â£15 Excludes Alcohol & Tobacco ,0,5.0,0.0,5.0,0,2022-01-03 08:34:11
4457882,AFBFREE,AFB Free Delivery - Above Â£10,1,0.0,0.0,3.0,0,2022-01-03 08:40:13
4457884,AFBFREE,AFB Free Delivery - Above Â£10,1,0.0,0.0,3.0,0,2022-01-03 08:40:38
4457886,AFBFREE,AFB Free Delivery - Above Â£10,1,0.0,0.0,3.0,0,2022-01-03 08:42:17
4457888,AFBFREE,AFB Free Delivery - Above Â£10,1,0.0,0.0,3.0,0,2022-01-03 08:42:17
4457891,AFBFREE,AFB Free Delivery - Above Â£10,1,0.0,0.0,3.0,0,2022-01-03 08:42:17
4457895,AFBFREE,AFB Free Delivery - Above Â£10,1,0.0,0.0,3.0,0,2022-01-03 08:42:17
4457897,AFBFREE,AFB Free Delivery - Above Â£10,1,0.0,0.0,3.0,0,2022-01-03 08:42:17
4457905,AFBFREE,AFB Free Delivery - Above Â£10,1,0.0,0.0,3.0,0,2022-01-03 08:43:10
4457907,FREEAYR,Free Delivery Lochside Ayr,1,0.0,0.0,3.0,0,2022-01-03 08:43:34
4457913,NOW5,Â£5 off minimum Â£15 Excludes Alcohol & Tobacco ,0,5.0,0.0,5.0,0,2022-01-03 08:44:51
4457935,AFBFREE,AFB Free Delivery - Above Â£10,1,0.0,0.0,3.0,0,2022-01-03 08:49:58
4458031,NOW5,Â£5 off minimum Â£15 Excludes Alcohol & Tobacco ,0,5.0,0.0,5.0,0,2022-01-03 09:13:31
4458056,AFBFREE,AFB Free Delivery - Above Â£10,1,0.0,0.0,3.0,0,2022-01-03 09:18:21
4458064,AFBFREE,AFB Free Delivery - Above Â£10,1,0.0,0.0,3.0,0,2022-01-03 09:18:58
4458088,NOW5,Â£5 off minimum Â£15 Excludes Alcohol & Tobacco ,0,5.0,0.0,5.0,0,2022-01-03 09:23:17
4458092,AFBFREE,AFB Free Delivery - Above Â£10,1,0.0,0.0,3.0,0,2022-01-03 09:23:40
4458106,DELIVERYDISCOUNT,Free Delivery,1,0.0,0.0,3.0,0,2022-01-03 09:25:35
4458111,AFBFREE,AFB Free Delivery - Above Â£10,1,0.0,0.0,3.0,0,2022-01-03 09:26:35
4458116,AFBFREE,AFB Free Delivery - Above Â£10,1,0.0,0.0,3.0,0,2022-01-03 09:27:17
4458121,AFBFREE,AFB Free Delivery - Above Â£10,1,0.0,0.0,3.0,0,2022-01-03 09:27:59
4458124,AFBFREE,AFB Free Delivery - Above Â£10,1,0.0,0.0,3.0,0,2022-01-03 09:28:48
4458131,WELCOME5,Â£5 off minimum Â£15 Excludes Alcohol & Tobacco ,0,5.0,0.0,5.0,1,2022-01-03 09:30:08
4458263,DELIVERYDISCOUNT,Free Delivery,1,0.0,0.0,3.0,0,2022-01-03 09:48:00
4458268,DELIVERYDISCOUNT,Free Delivery,1,0.0,0.0,3.0,0,2022-01-03 09:48:33
4458270,STEVENSTONFREE,Free Delivery 1st Order,1,0.0,0.0,2.0,0,2022-01-03 09:48:55
4458273,AFBFREE,AFB Free Delivery - Above Â£10,1,0.0,0.0,3.0,0,2022-01-03 09:49:40
4458280,AFBFREE,AFB Free Delivery - Above Â£10,1,0.0,0.0,3.0,0,2022-01-03 09:49:45
4458281,DELIVERYDISCOUNT,Free Delivery,1,0.0,0.0,3.0,0,2022-01-03 09:49:57
4458282,DELIVERYDISCOUNT,Free Delivery,1,0.0,0.0,3.0,0,2022-01-03 09:50:23
4458283,STEVENSTONFREE,Free Delivery 1st Order,1,0.0,0.0,2.0,0,2022-01-03 09:50:28
4458288,DELIVERYDISCOUNT,Free Delivery,1,0.0,0.0,3.0,0,2022-01-03 09:50:51
4458291,DELIVERYDISCOUNT,Free Delivery,1,0.0,0.0,3.0,0,2022-01-03 09:51:48
4458295,DELIVERYDISCOUNT,Free Delivery,1,0.0,0.0,3.0,0,2022-01-03 09:52:04
4458301,DELIVERYDISCOUNT,Free Delivery,1,0.0,0.0,3.0,0,2022-01-03 09:52:55
4458305,CLARKS,Free doughnut with every order,0,0.0,0.0,0.0,0,2022-01-03 09:53:54
4458308,DELIVERYDISCOUNT,Free Delivery,1,0.0,0.0,3.0,0,2022-01-03 09:54:11
4458313,CLARKS,Free doughnut with every order,0,0.0,0.0,0.0,0,2022-01-03 09:54:50
4458321,DELIVERYDISCOUNT,Free Delivery,1,0.0,0.0,3.0,0,2022-01-03 09:55:39
4458322,CLARKS,Free doughnut with every order,0,0.0,0.0,0.0,0,2022-01-03 09:55:53
4458331,NOW5,Â£5 off minimum Â£15 Excludes Alcohol & Tobacco ,0,5.0,0.0,5.0,0,2022-01-03 09:57:03
4458332,NOW5,Â£5 off minimum Â£15 Excludes Alcohol & Tobacco ,0,5.0,0.0,5.0,0,2022-01-03 09:57:20
4458333,NOW5,Â£5 off minimum Â£15 Excludes Alcohol & Tobacco ,0,5.0,0.0,5.0,0,2022-01-03 09:57:39
4458357,FREEHURL,Best One Hurlford Free Delivery,1,0.0,0.0,2.0,0,2022-01-03 09:59:15
4458397,AFBFREE,AFB Free Delivery - Above Â£10,1,0.0,0.0,3.0,0,2022-01-03 10:01:54
4458399,AFBFREE,AFB Free Delivery - Above Â£10,1,0.0,0.0,3.0,0,2022-01-03 10:02:17
4458409,AFBFREE,AFB Free Delivery - Above Â£10,1,0.0,0.0,3.0,0,2022-01-03 10:02:58
4458412,AFBFREE,AFB Free Delivery - Above Â£10,1,0.0,0.0,3.0,0,2022-01-03 10:02:58
4458413,AFBFREE,AFB Free Delivery - Above Â£10,1,0.0,0.0,3.0,0,2022-01-03 10:03:02
4458418,AFBFREE,AFB Free Delivery - Above Â£10,1,0.0,0.0,3.0,0,2022-01-03 10:03:32
4458458,NOW5,Â£5 off minimum Â£15 Excludes Alcohol & Tobacco ,0,5.0,0.0,5.0,0,2022-01-03 10:06:57
4458467,AFBFREE,AFB Free Delivery - Above Â£10,1,0.0,0.0,3.0,0,2022-01-03 10:08:03
4458488,CLARKS,Free doughnut with every order,0,0.0,0.0,0.0,0,2022-01-03 10:10:34
4458486,AFBFREE,AFB Free Delivery - Above Â£10,1,0.0,0.0,3.0,0,2022-01-03 10:10:55
4458533,AFBFREE,AFB Free Delivery - Above Â£10,1,0.0,0.0,3.0,0,2022-01-03 10:14:42
4458614,SYKES1,Compensation: Delivered Excessively Late,0,3.0,0.0,3.0,0,2022-01-03 10:22:31
4458634,AFBFREE,AFB Free Delivery - Above Â£10,1,0.0,0.0,3.0,0,2022-01-03 10:24:24
4458640,AFBFREE,AFB Free Delivery - Above Â£10,1,0.0,0.0,3.0,0,2022-01-03 10:24:39
4458642,AFBFREE,AFB Free Delivery - Above Â£10,1,0.0,0.0,3.0,0,2022-01-03 10:24:47
4458657,AFBFREE,AFB Free Delivery - Above Â£10,1,0.0,0.0,3.0,0,2022-01-03 10:25:40
4458698,NOW5,Â£5 off minimum Â£15 Excludes Alcohol & Tobacco ,0,5.0,0.0,5.0,0,2022-01-03 10:28:22
4458711,FREERAWM,Premier Rawmarsh Free Delivery,1,0.0,0.0,1.0,0,2022-01-03 10:29:19
4458732,AFBFREE,AFB Free Delivery - Above Â£10,1,0.0,0.0,3.0,0,2022-01-03 10:31:36
